Date,Close
2010-01-04,54.23
2010-01-05,53.689999
2010-01-06,53.57
2010-01-07,53.599998
2010-01-08,53.330002
2010-01-11,54.209999
2010-01-12,54.73
2010-01-13,55.009998
2010-01-14,54.209999
2010-01-15,53.68
2010-01-19,54.029999
2010-01-20,53.860001
2010-01-21,52.919998
2010-01-22,52.939999
2010-01-25,52.880001
2010-01-26,53.610001
2010-01-27,53.400002
2010-01-28,52.610001
2010-01-29,53.43
2010-02-01,53.48
2010-02-02,53.490002
2010-02-03,54.27
2010-02-04,52.970001
2010-02-05,53.450001
2010-02-08,52.93
2010-02-09,53.25
2010-02-10,53.240002
2010-02-11,53.080002
2010-02-12,52.900002
2010-02-16,53.560001
2010-02-17,54.060001
2010-02-18,53.470001
2010-02-19,53.490002
2010-02-22,53.830002
2010-02-23,53.619999
2010-02-24,53.919998
2010-02-25,54.150002
2010-02-26,54.07
2010-03-01,53.900002
2010-03-02,53.59
2010-03-03,53.66
2010-03-04,53.959999
2010-03-05,54.139999
2010-03-08,54.150002
2010-03-09,54.060001
2010-03-10,53.630001
2010-03-11,53.970001
2010-03-12,53.900002
2010-03-15,55.419998
2010-03-16,55.990002
2010-03-17,55.919998
2010-03-18,55.939999
2010-03-19,55.34
2010-03-22,55.619999
2010-03-23,55.889999
2010-03-24,55.580002
2010-03-25,55.610001
2010-03-26,55.509998
2010-03-29,55.740002
2010-03-30,55.91
2010-03-31,55.599998
2010-04-01,55.490002
2010-04-05,55.490002
2010-04-06,55.529999
2010-04-07,55.279999
2010-04-08,55.380001
2010-04-09,55.07
2010-04-12,55.02
2010-04-13,54.720001
2010-04-14,54.639999
2010-04-15,54.130001
2010-04-16,54.110001
2010-04-19,54.389999
2010-04-20,54.52
2010-04-21,54.470001
2010-04-22,54.490002
2010-04-23,54.529999
2010-04-26,54.040001
2010-04-27,54.040001
2010-04-28,53.610001
2010-04-29,53.700001
2010-04-30,53.639999
2010-05-03,53.740002
2010-05-04,54.02
2010-05-05,54.77
2010-05-06,53.23
2010-05-07,52.400002
2010-05-10,52.580002
2010-05-11,52.459999
2010-05-12,52.48
2010-05-13,52.400002
2010-05-14,52.119999
2010-05-17,52.73
2010-05-18,53.709999
2010-05-19,53.040001
2010-05-20,51.299999
2010-05-21,51.369999
2010-05-24,51.0
2010-05-25,50.279999
2010-05-26,50.02
2010-05-27,50.700001
2010-05-28,50.560001
2010-06-01,50.919998
2010-06-02,51.720001
2010-06-03,51.720001
2010-06-04,50.400002
2010-06-07,50.740002
2010-06-08,50.779999
2010-06-09,50.990002
2010-06-10,51.220001
2010-06-11,50.860001
2010-06-14,51.240002
2010-06-15,51.639999
2010-06-16,50.98
2010-06-17,51.41
2010-06-18,51.549999
2010-06-21,51.02
2010-06-22,50.68
2010-06-23,50.810001
2010-06-24,50.029999
2010-06-25,48.799999
2010-06-28,49.57
2010-06-29,48.900002
2010-06-30,48.07
2010-07-01,48.34
2010-07-02,48.0
2010-07-06,48.57
2010-07-07,48.919998
2010-07-08,49.18
2010-07-09,49.43
2010-07-12,50.119999
2010-07-13,50.540001
2010-07-14,50.349998
2010-07-15,50.41
2010-07-16,49.669998
2010-07-19,49.52
2010-07-20,50.880001
2010-07-21,50.349998
2010-07-22,50.860001
2010-07-23,51.669998
2010-07-26,51.130001
2010-07-27,50.959999
2010-07-28,51.130001
2010-07-29,51.060001
2010-07-30,51.189999
2010-08-02,51.41
2010-08-03,51.290001
2010-08-04,51.599998
2010-08-05,51.619999
2010-08-06,51.790001
2010-08-09,52.060001
2010-08-10,52.220001
2010-08-11,51.02
2010-08-12,50.43
2010-08-13,50.400002
2010-08-16,50.41
2010-08-17,51.02
2010-08-18,50.860001
2010-08-19,50.060001
2010-08-20,50.220001
2010-08-23,51.139999
2010-08-24,51.299999
2010-08-25,51.549999
2010-08-26,50.970001
2010-08-27,51.0
2010-08-30,50.549999
2010-08-31,50.139999
2010-09-01,51.200001
2010-09-02,51.759998
2010-09-03,52.040001
2010-09-07,51.860001
2010-09-08,51.830002
2010-09-09,51.91
2010-09-10,51.970001
2010-09-13,52.209999
2010-09-14,52.66
2010-09-15,52.860001
2010-09-16,53.150002
2010-09-17,53.009998
2010-09-20,53.540001
2010-09-21,53.57
2010-09-22,53.82
2010-09-23,53.650002
2010-09-24,54.080002
2010-09-27,53.48
2010-09-28,53.82
2010-09-29,53.349998
2010-09-30,53.52
2010-10-01,53.360001
2010-10-04,53.57
2010-10-05,54.0
2010-10-06,54.560001
2010-10-07,54.360001
2010-10-08,54.41
2010-10-11,54.610001
2010-10-12,53.919998
2010-10-13,53.82
2010-10-14,53.25
2010-10-15,53.349998
2010-10-18,53.759998
2010-10-19,53.32
2010-10-20,53.470001
2010-10-21,54.029999
2010-10-22,54.060001
2010-10-25,53.950001
2010-10-26,54.560001
2010-10-27,53.869999
2010-10-28,54.080002
2010-10-29,54.169998
2010-11-01,54.310001
2010-11-02,54.790001
2010-11-03,54.91
2010-11-04,55.360001
2010-11-05,55.200001
2010-11-08,54.91
2010-11-09,55.049999
2010-11-10,54.509998
2010-11-11,54.34
2010-11-12,54.130001
2010-11-15,53.950001
2010-11-16,54.259998
2010-11-17,53.77
2010-11-18,53.98
2010-11-19,54.389999
2010-11-22,54.380001
2010-11-23,53.669998
2010-11-24,54.009998
2010-11-26,53.740002
2010-11-29,53.849998
2010-11-30,54.09
2010-12-01,54.700001
2010-12-02,54.75
2010-12-03,54.619999
2010-12-06,54.490002
2010-12-07,55.09
2010-12-08,54.490002
2010-12-09,54.34
2010-12-10,54.279999
2010-12-13,54.209999
2010-12-14,54.450001
2010-12-15,54.23
2010-12-16,54.630001
2010-12-17,54.41
2010-12-20,53.77
2010-12-21,53.650002
2010-12-22,53.310001
2010-12-23,53.599998
2010-12-27,53.57
2010-12-28,53.740002
2010-12-29,54.080002
2010-12-30,54.07
2010-12-31,53.93
2011-01-03,54.560001
2011-01-04,54.77
2011-01-05,54.41
2011-01-06,53.959999
2011-01-07,54.080002
2011-01-10,53.73
2011-01-11,54.290001
2011-01-12,54.849998
2011-01-13,54.790001
2011-01-14,54.810001
2011-01-18,55.139999
2011-01-19,55.029999
2011-01-20,55.990002
2011-01-21,55.73
2011-01-24,56.049999
2011-01-25,57.259998
2011-01-26,57.32
2011-01-27,57.57
2011-01-28,56.700001
2011-01-31,56.07
2011-02-01,56.330002
2011-02-02,55.860001
2011-02-03,55.919998
2011-02-04,56.029999
2011-02-07,56.07
2011-02-08,56.380001
2011-02-09,56.73
2011-02-10,55.59
2011-02-11,55.689999
2011-02-14,54.799999
2011-02-15,54.950001
2011-02-16,54.549999
2011-02-17,54.75
2011-02-18,55.380001
2011-02-22,53.669998
2011-02-23,53.029999
2011-02-24,52.09
2011-02-25,51.75
2011-02-28,51.98
2011-03-01,52.07
2011-03-02,51.970001
2011-03-03,52.009998
2011-03-04,52.07
2011-03-07,52.02
2011-03-08,52.439999
2011-03-09,52.669998
2011-03-10,52.650002
2011-03-11,52.59
2011-03-14,52.32
2011-03-15,52.060001
2011-03-16,51.380001
2011-03-17,51.369999
2011-03-18,51.52
2011-03-21,51.919998
2011-03-22,52.0
2011-03-23,51.639999
2011-03-24,52.59
2011-03-25,52.349998
2011-03-28,52.189999
2011-03-29,52.259998
2011-03-30,52.360001
2011-03-31,52.049999
2011-04-01,52.130001
2011-04-04,52.650002
2011-04-05,52.740002
2011-04-06,52.98
2011-04-07,53.0
2011-04-08,52.540001
2011-04-11,52.82
2011-04-12,53.52
2011-04-13,53.630001
2011-04-14,53.5
2011-04-15,53.549999
2011-04-18,53.310001
2011-04-19,53.349998
2011-04-20,53.689999
2011-04-21,53.580002
2011-04-25,53.369999
2011-04-26,53.91
2011-04-27,54.419998
2011-04-28,54.689999
2011-04-29,54.98
2011-05-02,55.040001
2011-05-03,55.459999
2011-05-04,55.369999
2011-05-05,55.07
2011-05-06,55.02
2011-05-09,55.099998
2011-05-10,55.529999
2011-05-11,55.169998
2011-05-12,55.720001
2011-05-13,55.720001
2011-05-16,56.060001
2011-05-17,55.540001
2011-05-18,55.18
2011-05-19,55.48
2011-05-20,55.290001
2011-05-23,55.220001
2011-05-24,54.779999
2011-05-25,54.560001
2011-05-26,54.619999
2011-05-27,54.700001
2011-05-31,55.220001
2011-06-01,54.299999
2011-06-02,53.549999
2011-06-03,53.66
2011-06-06,53.759998
2011-06-07,53.830002
2011-06-08,53.689999
2011-06-09,53.619999
2011-06-10,52.720001
2011-06-13,52.619999
2011-06-14,52.91
2011-06-15,52.32
2011-06-16,52.830002
2011-06-17,52.82
2011-06-20,53.040001
2011-06-21,53.290001
2011-06-22,53.009998
2011-06-23,53.290001
2011-06-24,52.41
2011-06-27,52.290001
2011-06-28,52.529999
2011-06-29,52.639999
2011-06-30,53.139999
2011-07-01,53.509998
2011-07-05,53.389999
2011-07-06,53.720001
2011-07-07,54.490002
2011-07-08,54.080002
2011-07-11,53.869999
2011-07-12,53.939999
2011-07-13,54.02
2011-07-14,53.630001
2011-07-15,53.630001
2011-07-18,53.32
2011-07-19,53.970001
2011-07-20,53.889999
2011-07-21,54.470001
2011-07-22,54.52
2011-07-25,53.970001
2011-07-26,53.59
2011-07-27,53.25
2011-07-28,52.990002
2011-07-29,52.709999
2011-08-01,52.619999
2011-08-02,51.68
2011-08-03,51.279999
2011-08-04,50.099998
2011-08-05,50.849998
2011-08-08,48.919998
2011-08-09,50.82
2011-08-10,48.41
2011-08-11,49.73
2011-08-12,49.75
2011-08-15,49.98
2011-08-16,51.919998
2011-08-17,51.549999
2011-08-18,51.790001
2011-08-19,52.299999
2011-08-22,52.189999
2011-08-23,53.209999
2011-08-24,53.369999
2011-08-25,52.700001
2011-08-26,52.900002
2011-08-29,53.189999
2011-08-30,52.82
2011-08-31,53.189999
2011-09-01,52.650002
2011-09-02,52.029999
2011-09-06,51.68
2011-09-07,52.419998
2011-09-08,52.209999
2011-09-09,51.360001
2011-09-12,51.82
2011-09-13,51.59
2011-09-14,52.200001
2011-09-15,52.509998
2011-09-16,52.650002
2011-09-19,52.450001
2011-09-20,52.290001
2011-09-21,51.32
2011-09-22,50.279999
2011-09-23,50.799999
2011-09-26,51.830002
2011-09-27,52.029999
2011-09-28,51.310001
2011-09-29,51.93
2011-09-30,51.900002
2011-10-03,51.959999
2011-10-04,52.880001
2011-10-05,52.650002
2011-10-06,52.75
2011-10-07,53.700001
2011-10-10,54.810001
2011-10-11,54.720001
2011-10-12,55.200001
2011-10-13,55.02
2011-10-14,55.459999
2011-10-17,54.779999
2011-10-18,55.889999
2011-10-19,56.25
2011-10-20,56.369999
2011-10-21,56.919998
2011-10-24,56.779999
2011-10-25,56.709999
2011-10-26,57.369999
2011-10-27,57.810001
2011-10-28,57.150002
2011-10-31,56.720001
2011-11-01,56.23
2011-11-02,56.860001
2011-11-03,57.419998
2011-11-04,57.5
2011-11-07,57.939999
2011-11-08,59.32
2011-11-09,58.049999
2011-11-10,58.130001
2011-11-11,59.200001
2011-11-14,58.889999
2011-11-15,57.459999
2011-11-16,56.68
2011-11-17,56.73
2011-11-18,57.23
2011-11-21,56.66
2011-11-22,56.849998
2011-11-23,56.639999
2011-11-25,56.889999
2011-11-28,57.25
2011-11-29,58.169998
2011-11-30,58.900002
2011-12-01,58.610001
2011-12-02,58.09
2011-12-05,58.34
2011-12-06,58.779999
2011-12-07,58.509998
2011-12-08,57.98
2011-12-09,58.32
2011-12-12,58.09
2011-12-13,57.599998
2011-12-14,57.650002
2011-12-15,57.950001
2011-12-16,58.27
2011-12-19,57.779999
2011-12-20,59.189999
2011-12-21,59.389999
2011-12-22,59.189999
2011-12-23,59.990002
2011-12-27,59.830002
2011-12-28,59.73
2011-12-29,59.990002
2011-12-30,59.759998
2012-01-03,60.330002
2012-01-04,59.709999
2012-01-05,59.419998
2012-01-06,59.0
2012-01-09,59.18
2012-01-10,59.040001
2012-01-11,59.400002
2012-01-12,59.5
2012-01-13,59.540001
2012-01-17,59.849998
2012-01-18,60.009998
2012-01-19,60.610001
2012-01-20,61.009998
2012-01-23,60.91
2012-01-24,61.389999
2012-01-25,61.470001
2012-01-26,60.970001
2012-01-27,60.709999
2012-01-30,61.299999
2012-01-31,61.360001
2012-02-01,62.18
2012-02-02,61.939999
2012-02-03,62.029999
2012-02-06,61.880001
2012-02-07,61.689999
2012-02-08,61.619999
2012-02-09,61.959999
2012-02-10,61.900002
2012-02-13,61.790001
2012-02-14,62.220001
2012-02-15,61.759998
2012-02-16,62.040001
2012-02-17,62.48
2012-02-21,60.07
2012-02-22,58.599998
2012-02-23,58.540001
2012-02-24,58.790001
2012-02-27,58.459999
2012-02-28,58.93
2012-02-29,59.080002
2012-03-01,58.82
2012-03-02,59.009998
2012-03-05,59.400002
2012-03-06,58.970001
2012-03-07,59.860001
2012-03-08,59.77
2012-03-09,60.080002
2012-03-12,60.68
2012-03-13,61.0
2012-03-14,61.080002
2012-03-15,61.23
2012-03-16,60.84
2012-03-19,60.740002
2012-03-20,60.599998
2012-03-21,60.560001
2012-03-22,60.650002
2012-03-23,60.75
2012-03-26,61.200001
2012-03-27,61.09
2012-03-28,61.189999
2012-03-29,60.82
2012-03-30,61.200001
2012-04-02,61.360001
2012-04-03,60.650002
2012-04-04,60.259998
2012-04-05,60.669998
2012-04-09,60.130001
2012-04-10,59.93
2012-04-11,59.799999
2012-04-12,60.139999
2012-04-13,59.77
2012-04-16,60.580002
2012-04-17,61.869999
2012-04-18,62.060001
2012-04-19,61.75
2012-04-20,62.450001
2012-04-23,59.540001
2012-04-24,57.77
2012-04-25,57.360001
2012-04-26,58.950001
2012-04-27,59.029999
2012-04-30,58.91
2012-05-01,59.07
2012-05-02,59.009998
2012-05-03,58.990002
2012-05-04,58.700001
2012-05-07,59.189999
2012-05-08,59.049999
2012-05-09,59.029999
2012-05-10,59.189999
2012-05-11,59.419998
2012-05-14,59.07
2012-05-15,59.349998
2012-05-16,59.189999
2012-05-17,61.68
2012-05-18,62.43
2012-05-21,63.040001
2012-05-22,63.73
2012-05-23,64.580002
2012-05-24,65.07
2012-05-25,65.309998
2012-05-29,65.68
2012-05-30,65.440002
2012-05-31,65.82
2012-06-01,65.550003
2012-06-04,65.989998
2012-06-05,65.5
2012-06-06,65.93
2012-06-07,65.870003
2012-06-08,68.220001
2012-06-11,67.529999
2012-06-12,67.720001
2012-06-13,67.07
2012-06-14,67.629997
2012-06-15,67.75
2012-06-18,68.120003
2012-06-19,67.809998
2012-06-20,68.519997
2012-06-21,67.699997
2012-06-22,67.300003
2012-06-25,68.18
2012-06-26,68.580002
2012-06-27,68.589996
2012-06-28,68.300003
2012-06-29,69.720001
2012-07-02,69.349998
2012-07-03,70.75
2012-07-05,71.080002
2012-07-06,71.360001
2012-07-09,71.760002
2012-07-10,72.110001
2012-07-11,72.260002
2012-07-12,72.309998
2012-07-13,73.18
2012-07-16,72.980003
2012-07-17,73.099998
2012-07-18,72.849998
2012-07-19,71.529999
2012-07-20,72.25
2012-07-23,71.849998
2012-07-24,72.139999
2012-07-25,72.080002
2012-07-26,73.669998
2012-07-27,74.519997
2012-07-30,74.980003
2012-07-31,74.43
2012-08-01,73.620003
2012-08-02,74.050003
2012-08-03,74.550003
2012-08-06,74.279999
2012-08-07,73.989998
2012-08-08,74.309998
2012-08-09,73.849998
2012-08-10,73.68
2012-08-13,73.400002
2012-08-14,74.010002
2012-08-15,74.449997
2012-08-16,72.150002
2012-08-17,71.989998
2012-08-20,72.300003
2012-08-21,71.43
2012-08-22,71.769997
2012-08-23,71.559998
2012-08-24,72.110001
2012-08-27,72.5
2012-08-28,72.410004
2012-08-29,72.769997
2012-08-30,72.25
2012-08-31,72.599998
2012-09-04,73.510002
2012-09-05,73.550003
2012-09-06,74.809998
2012-09-07,73.82
2012-09-10,73.510002
2012-09-11,74.059998
2012-09-12,74.07
2012-09-13,75.139999
2012-09-14,74.5
2012-09-17,73.989998
2012-09-18,73.949997
2012-09-19,74.370003
2012-09-20,74.75
2012-09-21,74.449997
2012-09-24,74.739998
2012-09-25,74.260002
2012-09-26,74.190002
2012-09-27,73.980003
2012-09-28,73.800003
2012-10-01,74.050003
2012-10-02,73.75
2012-10-03,74.199997
2012-10-04,74.720001
2012-10-05,75.129997
2012-10-08,75.25
2012-10-09,74.139999
2012-10-10,75.419998
2012-10-11,75.010002
2012-10-12,75.809998
2012-10-15,77.150002
2012-10-16,76.910004
2012-10-17,77.029999
2012-10-18,76.559998
2012-10-19,75.620003
2012-10-22,75.650002
2012-10-23,74.760002
2012-10-24,74.82
2012-10-25,75.32
2012-10-26,75.110001
2012-10-31,75.019997
2012-11-01,73.449997
2012-11-02,72.769997
2012-11-05,73.139999
2012-11-06,73.760002
2012-11-07,73.110001
2012-11-08,72.480003
2012-11-09,72.309998
2012-11-12,72.480003
2012-11-13,71.809998
2012-11-14,71.309998
2012-11-15,68.720001
2012-11-16,68.029999
2012-11-19,69.019997
2012-11-20,69.0
2012-11-21,68.889999
2012-11-23,70.199997
2012-11-26,69.910004
2012-11-27,69.5
2012-11-28,70.559998
2012-11-29,70.830002
2012-11-30,72.019997
2012-12-03,71.339996
2012-12-04,72.120003
2012-12-05,71.650002
2012-12-06,71.589996
2012-12-07,72.290001
2012-12-10,72.150002
2012-12-11,70.889999
2012-12-12,68.940002
2012-12-13,69.040001
2012-12-14,68.75
2012-12-17,69.199997
2012-12-18,69.5
2012-12-19,68.519997
2012-12-20,69.0
2012-12-21,68.650002
2012-12-24,68.57
2012-12-26,67.989998
2012-12-27,68.190002
2012-12-28,67.610001
2012-12-31,68.230003
2013-01-02,69.239998
2013-01-03,68.800003
2013-01-04,69.059998
2013-01-07,68.400002
2013-01-08,68.589996
2013-01-09,68.57
2013-01-10,68.360001
2013-01-11,68.629997
2013-01-14,68.300003
2013-01-15,68.980003
2013-01-16,69.209999
2013-01-17,68.849998
2013-01-18,69.199997
2013-01-22,69.580002
2013-01-23,69.489998
2013-01-24,69.790001
2013-01-25,69.0
2013-01-28,69.349998
2013-01-29,69.889999
2013-01-30,69.75
2013-01-31,69.949997
2013-02-01,70.489998
2013-02-04,69.629997
2013-02-05,70.769997
2013-02-06,71.309998
2013-02-07,71.230003
2013-02-08,71.480003
2013-02-11,71.400002
2013-02-12,71.400002
2013-02-13,71.389999
2013-02-14,70.82
2013-02-15,69.300003
2013-02-19,68.760002
2013-02-20,69.209999
2013-02-21,70.260002
2013-02-22,70.400002
2013-02-25,70.440002
2013-02-26,71.110001
2013-02-27,71.660004
2013-02-28,70.779999
2013-03-01,71.739998
2013-03-04,73.260002
2013-03-05,73.720001
2013-03-06,73.379997
2013-03-07,73.32
2013-03-08,73.029999
2013-03-11,72.980003
2013-03-12,73.599998
2013-03-13,73.650002
2013-03-14,73.220001
2013-03-15,72.5
2013-03-18,72.25
2013-03-19,72.449997
2013-03-20,72.989998
2013-03-21,73.129997
2013-03-22,74.279999
2013-03-25,74.849998
2013-03-26,74.769997
2013-03-27,74.779999
2013-03-28,74.830002
2013-04-01,75.43
2013-04-02,76.019997
2013-04-03,76.0
2013-04-04,76.199997
2013-04-05,76.389999
2013-04-08,77.290001
2013-04-09,78.120003
2013-04-10,77.370003
2013-04-11,77.790001
2013-04-12,78.559998
2013-04-15,78.470001
2013-04-16,78.68
2013-04-17,78.510002
2013-04-18,77.160004
2013-04-19,78.290001
2013-04-22,77.970001
2013-04-23,79.089996
2013-04-24,78.029999
2013-04-25,78.650002
2013-04-26,79.040001
2013-04-29,78.389999
2013-04-30,77.720001
2013-05-01,78.059998
2013-05-02,78.459999
2013-05-03,79.25
2013-05-06,78.830002
2013-05-07,78.830002
2013-05-08,78.25
2013-05-09,78.400002
2013-05-10,78.889999
2013-05-13,78.5
2013-05-14,78.779999
2013-05-15,79.860001
2013-05-16,78.5
2013-05-17,77.870003
2013-05-20,77.400002
2013-05-21,77.389999
2013-05-22,77.029999
2013-05-23,76.330002
2013-05-24,77.309998
2013-05-28,77.32
2013-05-29,76.230003
2013-05-30,75.629997
2013-05-31,74.839996
2013-06-03,75.690002
2013-06-04,75.940002
2013-06-05,75.25
2013-06-06,75.629997
2013-06-07,76.330002
2013-06-10,75.75
2013-06-11,75.25
2013-06-12,74.839996
2013-06-13,75.0
2013-06-14,74.870003
2013-06-17,74.949997
2013-06-18,75.730003
2013-06-19,74.459999
2013-06-20,73.029999
2013-06-21,73.510002
2013-06-24,74.199997
2013-06-25,74.370003
2013-06-26,75.010002
2013-06-27,75.260002
2013-06-28,74.489998
2013-07-01,74.589996
2013-07-02,74.709999
2013-07-03,74.760002
2013-07-05,75.209999
2013-07-08,76.709999
2013-07-09,77.029999
2013-07-10,76.769997
2013-07-11,77.629997
2013-07-12,77.629997
2013-07-15,77.029999
2013-07-16,77.370003
2013-07-17,77.199997
2013-07-18,77.339996
2013-07-19,78.080002
2013-07-22,77.870003
2013-07-23,78.550003
2013-07-24,78.230003
2013-07-25,78.010002
2013-07-26,78.0
2013-07-29,77.989998
2013-07-30,77.889999
2013-07-31,77.940002
2013-08-01,78.220001
2013-08-02,78.75
2013-08-05,78.769997
2013-08-06,77.870003
2013-08-07,77.370003
2013-08-08,77.25
2013-08-09,76.900002
2013-08-12,77.080002
2013-08-13,76.860001
2013-08-14,76.400002
2013-08-15,74.410004
2013-08-16,74.110001
2013-08-19,73.580002
2013-08-20,73.230003
2013-08-21,73.550003
2013-08-22,73.459999
2013-08-23,73.440002
2013-08-26,73.029999
2013-08-27,72.860001
2013-08-28,72.379997
2013-08-29,72.43
2013-08-30,72.980003
2013-09-03,72.68
2013-09-04,72.910004
2013-09-05,72.669998
2013-09-06,72.589996
2013-09-09,73.510002
2013-09-10,73.959999
2013-09-11,74.050003
2013-09-12,73.910004
2013-09-13,74.360001
2013-09-16,74.779999
2013-09-17,75.150002
2013-09-18,76.419998
2013-09-19,76.209999
2013-09-20,75.830002
2013-09-23,76.419998
2013-09-24,75.75
2013-09-25,74.650002
2013-09-26,74.620003
2013-09-27,74.360001
2013-09-30,73.959999
2013-10-01,73.589996
2013-10-02,73.720001
2013-10-03,73.160004
2013-10-04,72.800003
2013-10-07,71.870003
2013-10-08,72.900002
2013-10-09,73.0
2013-10-10,74.790001
2013-10-11,74.82
2013-10-14,74.68
2013-10-15,74.370003
2013-10-16,75.599998
2013-10-17,75.779999
2013-10-18,75.709999
2013-10-21,75.150002
2013-10-22,76.32
2013-10-23,75.900002
2013-10-24,76.419998
2013-10-25,76.080002
2013-10-28,77.139999
2013-10-29,77.059998
2013-10-30,76.910004
2013-10-31,76.75
2013-11-01,77.07
2013-11-04,77.330002
2013-11-05,77.419998
2013-11-06,78.160004
2013-11-07,77.510002
2013-11-08,77.959999
2013-11-11,79.010002
2013-11-12,78.709999
2013-11-13,78.900002
2013-11-14,79.080002
2013-11-15,79.220001
2013-11-18,79.220001
2013-11-19,79.25
2013-11-20,78.900002
2013-11-21,78.860001
2013-11-22,79.809998
2013-11-25,80.43
2013-11-26,80.68
2013-11-27,80.93
2013-11-29,81.010002
2013-12-02,81.110001
2013-12-03,81.209999
2013-12-04,80.220001
2013-12-05,79.440002
2013-12-06,79.940002
2013-12-09,79.949997
2013-12-10,79.080002
2013-12-11,79.089996
2013-12-12,78.5
2013-12-13,78.080002
2013-12-16,77.739998
2013-12-17,77.25
2013-12-18,77.940002
2013-12-19,77.239998
2013-12-20,77.43
2013-12-23,77.870003
2013-12-24,78.010002
2013-12-26,78.389999
2013-12-27,78.470001
2013-12-30,78.629997
2013-12-31,78.690002
2014-01-02,78.910004
2014-01-03,78.650002
2014-01-06,78.209999
2014-01-07,78.449997
2014-01-08,77.830002
2014-01-09,78.089996
2014-01-10,78.040001
2014-01-13,77.489998
2014-01-14,77.959999
2014-01-15,77.660004
2014-01-16,76.760002
2014-01-17,76.190002
2014-01-21,75.839996
2014-01-22,75.349998
2014-01-23,74.959999
2014-01-24,74.419998
2014-01-27,74.150002
2014-01-28,74.669998
2014-01-29,74.099998
2014-01-30,74.75
2014-01-31,74.68
2014-02-03,72.660004
2014-02-04,72.730003
2014-02-05,72.870003
2014-02-06,72.82
2014-02-07,73.75
2014-02-10,73.760002
2014-02-11,74.800003
2014-02-12,74.959999
2014-02-13,75.360001
2014-02-14,75.790001
2014-02-18,75.330002
2014-02-19,74.849998
2014-02-20,73.519997
2014-02-21,73.120003
2014-02-24,73.349998
2014-02-25,73.349998
2014-02-26,74.779999
2014-02-27,74.559998
2014-02-28,74.699997
2014-03-03,74.120003
2014-03-04,75.129997
2014-03-05,74.800003
2014-03-06,74.879997
2014-03-07,74.580002
2014-03-10,74.43
2014-03-11,74.919998
2014-03-12,75.529999
2014-03-13,74.93
2014-03-14,74.279999
2014-03-17,74.68
2014-03-18,74.769997
2014-03-19,74.379997
2014-03-20,75.379997
2014-03-21,76.099998
2014-03-24,76.760002
2014-03-25,76.870003
2014-03-26,76.230003
2014-03-27,76.139999
2014-03-28,76.010002
2014-03-31,76.43
2014-04-01,76.769997
2014-04-02,77.18
2014-04-03,77.459999
2014-04-04,77.309998
2014-04-07,77.309998
2014-04-08,78.18
2014-04-09,77.970001
2014-04-10,76.889999
2014-04-11,76.5
2014-04-14,77.379997
2014-04-15,76.879997
2014-04-16,77.220001
2014-04-17,77.660004
2014-04-21,77.599998
2014-04-22,77.559998
2014-04-23,78.040001
2014-04-24,78.309998
2014-04-25,78.620003
2014-04-28,79.760002
2014-04-29,79.669998
2014-04-30,79.709999
2014-05-01,79.699997
2014-05-02,79.120003
2014-05-05,78.620003
2014-05-06,78.010002
2014-05-07,77.959999
2014-05-08,78.690002
2014-05-09,79.199997
2014-05-12,79.150002
2014-05-13,79.139999
2014-05-14,78.739998
2014-05-15,76.830002
2014-05-16,77.010002
2014-05-19,76.610001
2014-05-20,75.690002
2014-05-21,75.660004
2014-05-22,75.389999
2014-05-23,75.610001
2014-05-27,75.589996
2014-05-28,75.529999
2014-05-29,75.980003
2014-05-30,76.769997
2014-06-02,76.760002
2014-06-03,76.709999
2014-06-04,77.129997
2014-06-05,77.32
2014-06-06,77.209999
2014-06-09,77.010002
2014-06-10,76.620003
2014-06-11,76.160004
2014-06-12,75.730003
2014-06-13,75.279999
2014-06-16,75.339996
2014-06-17,74.989998
2014-06-18,75.699997
2014-06-19,75.870003
2014-06-20,75.68
2014-06-23,75.790001
2014-06-24,75.970001
2014-06-25,75.620003
2014-06-26,74.910004
2014-06-27,75.339996
2014-06-30,75.07
2014-07-01,75.279999
2014-07-02,75.620003
2014-07-03,75.75
2014-07-07,76.07
2014-07-08,76.650002
2014-07-09,77.209999
2014-07-10,77.059998
2014-07-11,76.82
2014-07-14,76.550003
2014-07-15,76.839996
2014-07-16,76.860001
2014-07-17,76.610001
2014-07-18,77.089996
2014-07-21,76.769997
2014-07-22,76.639999
2014-07-23,76.989998
2014-07-24,76.349998
2014-07-25,75.970001
2014-07-28,75.709999
2014-07-29,75.440002
2014-07-30,74.779999
2014-07-31,73.580002
2014-08-01,73.540001
2014-08-04,73.540001
2014-08-05,73.339996
2014-08-06,74.199997
2014-08-07,73.949997
2014-08-08,74.669998
2014-08-11,74.360001
2014-08-12,74.220001
2014-08-13,74.029999
2014-08-14,74.389999
2014-08-15,73.900002
2014-08-18,74.489998
2014-08-19,74.879997
2014-08-20,74.959999
2014-08-21,75.550003
2014-08-22,75.730003
2014-08-25,75.690002
2014-08-26,75.519997
2014-08-27,75.849998
2014-08-28,75.900002
2014-08-29,75.5
2014-09-02,75.75
2014-09-03,76.010002
2014-09-04,76.559998
2014-09-05,77.510002
2014-09-08,76.529999
2014-09-09,76.739998
2014-09-10,76.510002
2014-09-11,76.099998
2014-09-12,75.769997
2014-09-15,75.809998
2014-09-16,76.32
2014-09-17,76.239998
2014-09-18,76.220001
2014-09-19,76.839996
2014-09-22,76.309998
2014-09-23,75.599998
2014-09-24,77.080002
2014-09-25,76.120003
2014-09-26,76.489998
2014-09-29,76.080002
2014-09-30,76.470001
2014-10-01,76.120003
2014-10-02,76.230003
2014-10-03,77.32
2014-10-06,77.349998
2014-10-07,77.300003
2014-10-08,78.239998
2014-10-09,77.860001
2014-10-10,78.290001
2014-10-13,77.559998
2014-10-14,77.980003
2014-10-15,75.199997
2014-10-16,73.82
2014-10-17,74.099998
2014-10-20,75.139999
2014-10-21,76.019997
2014-10-22,76.029999
2014-10-23,76.25
2014-10-24,76.379997
2014-10-27,76.589996
2014-10-28,76.349998
2014-10-29,76.389999
2014-10-30,76.449997
2014-10-31,76.269997
2014-11-03,76.279999
2014-11-04,77.260002
2014-11-05,77.699997
2014-11-06,77.809998
2014-11-07,78.769997
2014-11-10,79.440002
2014-11-11,79.010002
2014-11-12,79.199997
2014-11-13,82.940002
2014-11-14,82.959999
2014-11-17,83.57
2014-11-18,83.790001
2014-11-19,84.989998
2014-11-20,84.580002
2014-11-21,84.650002
2014-11-24,85.400002
2014-11-25,84.949997
2014-11-26,84.980003
2014-11-28,87.540001
2014-12-01,86.220001
2014-12-02,86.400002
2014-12-03,84.940002
2014-12-04,84.760002
2014-12-05,84.120003
2014-12-08,84.230003
2014-12-09,83.559998
2014-12-10,82.980003
2014-12-11,83.830002
2014-12-12,83.809998
2014-12-15,83.940002
2014-12-16,82.959999
2014-12-17,84.230003
2014-12-18,85.940002
2014-12-19,85.160004
2014-12-22,86.379997
2014-12-23,86.660004
2014-12-24,86.43
2014-12-26,86.910004
2014-12-29,86.639999
2014-12-30,86.790001
2014-12-31,85.879997
2015-01-02,85.900002
2015-01-05,85.650002
2015-01-06,86.309998
2015-01-07,88.599998
2015-01-08,90.470001
2015-01-09,89.349998
2015-01-12,90.019997
2015-01-13,89.309998
2015-01-14,86.610001
2015-01-15,87.379997
2015-01-16,86.769997
2015-01-20,86.690002
2015-01-21,86.639999
2015-01-22,88.300003
2015-01-23,88.510002
2015-01-26,88.629997
2015-01-27,87.529999
2015-01-28,86.82
2015-01-29,87.720001
2015-01-30,84.980003
2015-02-02,85.709999
2015-02-03,86.190002
2015-02-04,86.650002
2015-02-05,87.279999
2015-02-06,87.330002
2015-02-09,85.910004
2015-02-10,87.290001
2015-02-11,86.339996
2015-02-12,85.889999
2015-02-13,85.809998
2015-02-17,85.959999
2015-02-18,86.290001
2015-02-19,83.519997
2015-02-20,84.300003
2015-02-23,84.599998
2015-02-24,84.57
2015-02-25,83.57
2015-02-26,83.800003
2015-02-27,83.93
2015-03-02,83.959999
2015-03-03,83.370003
2015-03-04,82.580002
2015-03-05,83.57
2015-03-06,82.589996
2015-03-09,82.879997
2015-03-10,82.07
2015-03-11,80.690002
2015-03-12,81.900002
2015-03-13,81.900002
2015-03-16,83.290001
2015-03-17,82.620003
2015-03-18,82.529999
2015-03-19,81.519997
2015-03-20,83.239998
2015-03-23,83.309998
2015-03-24,83.050003
2015-03-25,81.32
2015-03-26,81.889999
2015-03-27,81.349998
2015-03-30,82.529999
2015-03-31,82.25
2015-04-01,80.709999
2015-04-02,80.730003
2015-04-06,80.989998
2015-04-07,80.5
2015-04-08,81.029999
2015-04-09,80.839996
2015-04-10,80.650002
2015-04-13,80.290001
2015-04-14,80.150002
2015-04-15,79.739998
2015-04-16,79.239998
2015-04-17,77.879997
2015-04-20,78.139999
2015-04-21,78.029999
2015-04-22,78.43
2015-04-23,79.18
2015-04-24,79.839996
2015-04-27,79.370003
2015-04-28,79.099998
2015-04-29,77.879997
2015-04-30,78.050003
2015-05-01,78.599998
2015-05-04,79.18
2015-05-05,78.129997
2015-05-06,77.650002
2015-05-07,78.029999
2015-05-08,78.529999
2015-05-11,78.099998
2015-05-12,78.959999
2015-05-13,78.160004
2015-05-14,78.720001
2015-05-15,79.239998
2015-05-18,79.919998
2015-05-19,76.43
2015-05-20,75.900002
2015-05-21,76.110001
2015-05-22,75.860001
2015-05-26,74.900002
2015-05-27,75.190002
2015-05-28,74.839996
2015-05-29,74.269997
2015-06-01,74.730003
2015-06-02,74.529999
2015-06-03,74.889999
2015-06-04,74.150002
2015-06-05,73.059998
2015-06-08,72.610001
2015-06-09,72.470001
2015-06-10,72.93
2015-06-11,72.940002
2015-06-12,72.43
2015-06-15,71.93
2015-06-16,72.349998
2015-06-17,72.730003
2015-06-18,72.980003
2015-06-19,72.739998
2015-06-22,72.790001
2015-06-23,72.57
2015-06-24,72.379997
2015-06-25,71.860001
2015-06-26,72.120003
2015-06-29,71.419998
2015-06-30,70.93
2015-07-01,71.879997
2015-07-02,71.860001
2015-07-06,72.529999
2015-07-07,73.790001
2015-07-08,73.059998
2015-07-09,72.779999
2015-07-10,73.120003
2015-07-13,73.879997
2015-07-14,73.790001
2015-07-15,73.650002
2015-07-16,73.830002
2015-07-17,73.389999
2015-07-20,73.099998
2015-07-21,72.739998
2015-07-22,73.160004
2015-07-23,72.510002
2015-07-24,71.580002
2015-07-27,71.379997
2015-07-28,72.099998
2015-07-29,72.230003
2015-07-30,72.160004
2015-07-31,71.980003
2015-08-03,72.18
2015-08-04,72.25
2015-08-05,73.510002
2015-08-06,72.790001
2015-08-07,71.25
2015-08-10,71.480003
2015-08-11,71.93
2015-08-12,72.580002
2015-08-13,72.110001
2015-08-14,72.379997
2015-08-17,71.910004
2015-08-18,69.480003
2015-08-19,68.57
2015-08-20,68.43
2015-08-21,66.540001
2015-08-24,63.950001
2015-08-25,63.099998
2015-08-26,64.830002
2015-08-27,66.080002
2015-08-28,64.940002
2015-08-31,64.730003
2015-09-01,63.82
2015-09-02,64.440002
2015-09-03,64.860001
2015-09-04,63.889999
2015-09-08,66.379997
2015-09-09,65.120003
2015-09-10,64.120003
2015-09-11,64.650002
2015-09-14,64.279999
2015-09-15,64.32
2015-09-16,64.690002
2015-09-17,64.470001
2015-09-18,63.34
2015-09-21,63.720001
2015-09-22,63.59
2015-09-23,63.720001
2015-09-24,63.830002
2015-09-25,63.779999
2015-09-28,63.66
2015-09-29,63.779999
2015-09-30,64.839996
2015-10-01,64.269997
2015-10-02,64.980003
2015-10-05,65.870003
2015-10-06,65.68
2015-10-07,66.360001
2015-10-08,66.879997
2015-10-09,66.690002
2015-10-12,66.93
2015-10-13,66.730003
2015-10-14,60.029999
2015-10-15,59.330002
2015-10-16,58.889999
2015-10-19,58.849998
2015-10-20,58.75
2015-10-21,58.639999
2015-10-22,58.900002
2015-10-23,58.299999
2015-10-26,58.02
2015-10-27,57.48
2015-10-28,57.639999
2015-10-29,57.959999
2015-10-30,57.240002
2015-11-02,57.610001
2015-11-03,58.110001
2015-11-04,58.369999
2015-11-05,58.610001
2015-11-06,58.779999
2015-11-09,58.490002
2015-11-10,58.68
2015-11-11,57.580002
2015-11-12,56.950001
2015-11-13,56.419998
2015-11-16,57.869999
2015-11-17,59.919998
2015-11-18,60.93
2015-11-19,60.700001
2015-11-20,60.07
2015-11-23,60.259998
2015-11-24,59.919998
2015-11-25,60.240002
2015-11-27,59.889999
2015-11-30,58.84
2015-12-01,58.990002
2015-12-02,58.349998
2015-12-03,59.040001
2015-12-04,59.66
2015-12-07,60.5
2015-12-08,59.610001
2015-12-09,59.130001
2015-12-10,59.560001
2015-12-11,59.360001
2015-12-14,60.389999
2015-12-15,59.639999
2015-12-16,60.299999
2015-12-17,58.98
2015-12-18,58.849998
2015-12-21,59.549999
2015-12-22,60.540001
2015-12-23,61.09
2015-12-24,60.830002
2015-12-28,60.75
2015-12-29,61.610001
2015-12-30,61.68
2015-12-31,61.299999
2016-01-04,61.459999
2016-01-05,62.919998
2016-01-06,63.549999
2016-01-07,65.029999
2016-01-08,63.540001
2016-01-11,64.220001
2016-01-12,63.619999
2016-01-13,61.919998
2016-01-14,63.060001
2016-01-15,61.93
2016-01-19,62.560001
2016-01-20,60.84
2016-01-21,61.880001
2016-01-22,62.689999
2016-01-25,63.450001
2016-01-26,64.0
2016-01-27,63.950001
2016-01-28,64.220001
2016-01-29,66.360001
2016-02-01,67.5
2016-02-02,66.860001
2016-02-03,66.269997
2016-02-04,66.419998
2016-02-05,67.0
2016-02-08,66.900002
2016-02-09,65.809998
2016-02-10,65.790001
2016-02-11,65.32
2016-02-12,66.18
2016-02-16,65.900002
2016-02-17,66.110001
2016-02-18,64.120003
2016-02-19,64.660004
2016-02-22,65.629997
2016-02-23,66.480003
2016-02-24,67.120003
2016-02-25,68.040001
2016-02-26,66.510002
2016-02-29,66.339996
2016-03-01,66.459999
2016-03-02,66.209999
2016-03-03,66.139999
2016-03-04,66.779999
2016-03-07,67.889999
2016-03-08,68.040001
2016-03-09,67.529999
2016-03-10,67.410004
2016-03-11,67.169998
2016-03-14,67.360001
2016-03-15,68.089996
2016-03-16,67.989998
2016-03-17,67.449997
2016-03-18,66.949997
2016-03-21,67.970001
2016-03-22,67.870003
2016-03-23,67.459999
2016-03-24,68.0
2016-03-28,68.120003
2016-03-29,68.029999
2016-03-30,68.800003
2016-03-31,68.489998
2016-04-01,69.059998
2016-04-04,69.099998
2016-04-05,68.639999
2016-04-06,69.040001
2016-04-07,68.220001
2016-04-08,68.059998
2016-04-11,67.400002
2016-04-12,68.800003
2016-04-13,69.150002
2016-04-14,68.800003
2016-04-15,69.059998
2016-04-18,69.860001
2016-04-19,69.769997
2016-04-20,69.209999
2016-04-21,68.470001
2016-04-22,68.720001
2016-04-25,69.470001
2016-04-26,69.300003
2016-04-27,69.419998
2016-04-28,68.910004
2016-04-29,66.870003
2016-05-02,67.589996
2016-05-03,67.0
2016-05-04,67.190002
2016-05-05,67.209999
2016-05-06,68.25
2016-05-09,68.949997
2016-05-10,68.790001
2016-05-11,66.410004
2016-05-12,66.849998
2016-05-13,64.940002
2016-05-16,66.019997
2016-05-17,65.099998
2016-05-18,63.150002
2016-05-19,69.199997
2016-05-20,69.860001
2016-05-23,69.5
2016-05-24,70.239998
2016-05-25,70.480003
2016-05-26,70.849998
2016-05-27,70.75
2016-05-31,70.779999
2016-06-01,70.5
2016-06-02,70.949997
2016-06-03,70.870003
2016-06-06,71.050003
2016-06-07,71.029999
2016-06-08,71.279999
2016-06-09,71.089996
2016-06-10,71.139999
2016-06-13,70.529999
2016-06-14,70.949997
2016-06-15,71.120003
2016-06-16,71.300003
2016-06-17,70.949997
2016-06-20,71.099998
2016-06-21,71.459999
2016-06-22,71.75
2016-06-23,72.099998
2016-06-24,71.959999
2016-06-27,71.5
2016-06-28,71.510002
2016-06-29,72.459999
2016-06-30,73.019997
2016-07-01,72.809998
2016-07-05,73.139999
2016-07-06,73.82
2016-07-07,73.529999
2016-07-08,73.839996
2016-07-11,74.059998
2016-07-12,73.269997
2016-07-13,73.620003
2016-07-14,73.699997
2016-07-15,73.669998
2016-07-18,73.839996
2016-07-19,73.660004
2016-07-20,73.790001
2016-07-21,73.519997
2016-07-22,73.550003
2016-07-25,73.75
2016-07-26,73.730003
2016-07-27,73.32
2016-07-28,73.239998
2016-07-29,72.970001
2016-08-01,73.779999
2016-08-02,73.129997
2016-08-03,72.940002
2016-08-04,73.300003
2016-08-05,73.760002
2016-08-08,73.339996
2016-08-09,73.540001
2016-08-10,73.949997
2016-08-11,73.800003
2016-08-12,73.889999
2016-08-15,73.32
2016-08-16,72.889999
2016-08-17,72.93
2016-08-18,74.300003
2016-08-19,72.809998
2016-08-22,72.699997
2016-08-23,71.970001
2016-08-24,72.230003
2016-08-25,71.220001
2016-08-26,71.139999
2016-08-29,71.400002
2016-08-30,71.309998
2016-08-31,71.440002
2016-09-01,72.839996
2016-09-02,72.5
2016-09-06,73.0
2016-09-07,72.059998
2016-09-08,71.830002
2016-09-09,70.300003
2016-09-12,71.940002
2016-09-13,71.459999
2016-09-14,71.519997
2016-09-15,72.400002
2016-09-16,72.870003
2016-09-19,72.089996
2016-09-20,71.970001
2016-09-21,72.190002
2016-09-22,72.269997
2016-09-23,72.349998
2016-09-26,71.620003
2016-09-27,72.330002
2016-09-28,71.790001
2016-09-29,70.730003
2016-09-30,72.120003
2016-10-03,72.010002
2016-10-04,71.75
2016-10-05,71.669998
2016-10-06,69.360001
2016-10-07,68.699997
2016-10-10,67.980003
2016-10-11,67.389999
2016-10-12,67.459999
2016-10-13,68.230003
2016-10-14,68.449997
2016-10-17,68.220001
2016-10-18,68.870003
2016-10-19,68.889999
2016-10-20,68.730003
2016-10-21,68.339996
2016-10-24,69.190002
2016-10-25,69.360001
2016-10-26,69.589996
2016-10-27,69.830002
2016-10-28,69.989998
2016-10-31,70.019997
2016-11-01,69.300003
2016-11-02,69.449997
2016-11-03,69.629997
2016-11-04,69.160004
2016-11-07,69.779999
2016-11-08,69.790001
2016-11-09,71.099998
2016-11-10,71.389999
2016-11-11,71.230003
2016-11-14,70.489998
2016-11-15,71.419998
2016-11-16,71.389999
2016-11-17,69.190002
2016-11-18,68.540001
2016-11-21,69.370003
2016-11-22,70.120003
2016-11-23,70.830002
2016-11-25,71.230003
2016-11-28,71.190002
2016-11-29,71.370003
2016-11-30,70.43
2016-12-01,70.669998
2016-12-02,70.879997
2016-12-05,69.940002
2016-12-06,70.360001
2016-12-07,70.599998
2016-12-08,70.339996
2016-12-09,70.080002
2016-12-12,71.669998
2016-12-13,71.800003
2016-12-14,71.339996
2016-12-15,71.080002
2016-12-16,70.980003
2016-12-19,71.580002
2016-12-20,71.82
2016-12-21,71.239998
2016-12-22,69.589996
2016-12-23,69.540001
2016-12-27,69.699997
2016-12-28,69.309998
2016-12-29,69.260002
2016-12-30,69.120003
2017-01-03,68.660004
2017-01-04,69.059998
2017-01-05,69.209999
2017-01-06,68.260002
2017-01-09,68.709999
2017-01-10,68.230003
2017-01-11,68.529999
2017-01-12,67.970001
2017-01-13,67.129997
2017-01-17,68.419998
2017-01-18,68.110001
2017-01-19,67.620003
2017-01-20,67.18
2017-01-23,66.650002
2017-01-24,67.400002
2017-01-25,66.889999
2017-01-26,66.730003
2017-01-27,65.660004
2017-01-30,66.419998
2017-01-31,66.739998
2017-02-01,66.230003
2017-02-02,66.699997
2017-02-03,66.5
2017-02-06,66.400002
2017-02-07,66.889999
2017-02-08,67.809998
2017-02-09,69.080002
2017-02-10,68.019997
2017-02-13,67.769997
2017-02-14,68.660004
2017-02-15,68.690002
2017-02-16,68.870003
2017-02-17,69.370003
2017-02-21,71.449997
2017-02-22,71.709999
2017-02-23,71.309998
2017-02-24,72.389999
2017-02-27,71.739998
2017-02-28,70.93
2017-03-01,70.449997
2017-03-02,70.760002
2017-03-03,70.029999
2017-03-06,69.879997
2017-03-07,69.870003
2017-03-08,69.800003
2017-03-09,69.860001
2017-03-10,70.099998
2017-03-13,69.949997
2017-03-14,70.720001
2017-03-15,70.580002
2017-03-16,70.440002
2017-03-17,69.889999
2017-03-20,69.980003
2017-03-21,69.900002
2017-03-22,70.25
2017-03-23,69.860001
2017-03-24,69.610001
2017-03-27,69.660004
2017-03-28,70.32
2017-03-29,70.739998
2017-03-30,71.589996
2017-03-31,72.080002
2017-04-03,71.830002
2017-04-04,72.010002
2017-04-05,71.650002
2017-04-06,71.43
2017-04-07,72.900002
2017-04-10,73.059998
2017-04-11,73.43
2017-04-12,73.440002
2017-04-13,73.150002
2017-04-17,73.489998
2017-04-18,73.889999
2017-04-19,74.07
2017-04-20,74.800003
2017-04-21,74.940002
2017-04-24,74.779999
2017-04-25,75.050003
2017-04-26,75.43
2017-04-27,75.440002
2017-04-28,75.18
2017-05-01,75.230003
2017-05-02,75.519997
2017-05-03,75.760002
2017-05-04,76.339996
2017-05-05,76.5
2017-05-08,76.120003
2017-05-09,76.720001
2017-05-10,76.699997
2017-05-11,76.129997
2017-05-12,75.709999
2017-05-15,76.290001
2017-05-16,75.110001
2017-05-17,75.120003
2017-05-18,77.540001
2017-05-19,78.769997
2017-05-22,78.550003
2017-05-23,78.489998
2017-05-24,78.150002
2017-05-25,78.309998
2017-05-26,78.129997
2017-05-30,78.150002
2017-05-31,78.599998
2017-06-01,79.809998
2017-06-02,79.620003
2017-06-05,80.260002
2017-06-06,78.93
2017-06-07,79.150002
2017-06-08,78.93
2017-06-09,79.419998
2017-06-12,79.239998
2017-06-13,79.519997
2017-06-14,79.900002
2017-06-15,78.910004
2017-06-16,75.239998
2017-06-19,75.5
2017-06-20,75.540001
2017-06-21,76.239998
2017-06-22,75.519997
2017-06-23,74.839996
2017-06-26,75.5
2017-06-27,76.010002
2017-06-28,76.510002
2017-06-29,75.93
2017-06-30,75.68
2017-07-03,75.360001
2017-07-05,75.32
2017-07-06,75.470001
2017-07-07,75.330002
2017-07-10,73.230003
2017-07-11,73.470001
2017-07-12,73.940002
2017-07-13,75.050003
2017-07-14,76.339996
2017-07-17,76.370003
2017-07-18,76.199997
2017-07-19,75.870003
2017-07-20,76.019997
2017-07-21,76.150002
2017-07-24,76.889999
2017-07-25,78.519997
2017-07-26,78.900002
2017-07-27,79.779999
2017-07-28,79.809998
2017-07-31,79.989998
2017-08-01,80.5
2017-08-02,80.529999
2017-08-03,80.870003
2017-08-04,80.480003
2017-08-07,81.279999
2017-08-08,81.589996
2017-08-09,81.610001
2017-08-10,80.660004
2017-08-11,80.400002
2017-08-14,80.699997
2017-08-15,80.769997
2017-08-16,80.980003
2017-08-17,79.699997
2017-08-18,79.309998
2017-08-21,79.709999
2017-08-22,80.019997
2017-08-23,79.959999
2017-08-24,78.339996
2017-08-25,78.629997
2017-08-28,78.029999
2017-08-29,78.769997
2017-08-30,78.540001
2017-08-31,78.07
2017-09-01,78.370003
2017-09-05,79.800003
2017-09-06,80.080002
2017-09-07,80.120003
2017-09-08,78.879997
2017-09-11,79.080002
2017-09-12,79.610001
2017-09-13,79.860001
2017-09-14,79.68
2017-09-15,80.379997
2017-09-18,80.0
2017-09-19,80.050003
2017-09-20,80.5
2017-09-21,80.010002
2017-09-22,79.529999
2017-09-25,79.150002
2017-09-26,79.389999
2017-09-27,79.290001
2017-09-28,78.949997
2017-09-29,78.139999
2017-10-02,78.449997
2017-10-03,79.220001
2017-10-04,79.089996
2017-10-05,79.410004
2017-10-06,79.0
2017-10-09,80.529999
2017-10-10,84.129997
2017-10-11,85.730003
2017-10-12,86.099998
2017-10-13,86.620003
2017-10-16,85.739998
2017-10-17,85.980003
2017-10-18,86.220001
2017-10-19,86.400002
2017-10-20,87.440002
2017-10-23,88.650002
2017-10-24,87.980003
2017-10-25,88.480003
2017-10-26,88.620003
2017-10-27,88.169998
2017-10-30,86.949997
2017-10-31,87.309998
2017-11-01,87.940002
2017-11-02,88.800003
2017-11-03,89.68
2017-11-06,88.699997
2017-11-07,88.949997
2017-11-08,90.260002
2017-11-09,90.300003
2017-11-10,90.919998
2017-11-13,90.989998
2017-11-14,91.089996
2017-11-15,89.830002
2017-11-16,99.620003
2017-11-17,97.470001
2017-11-20,97.480003
2017-11-21,96.519997
2017-11-22,96.410004
2017-11-24,96.620003
2017-11-27,96.620003
2017-11-28,96.769997
2017-11-29,97.559998
2017-11-30,97.230003
2017-12-01,97.349998
2017-12-04,97.010002
2017-12-05,97.830002
2017-12-06,97.279999
2017-12-07,96.779999
2017-12-08,96.550003
2017-12-11,96.93
2017-12-12,96.699997
2017-12-13,97.760002
2017-12-14,97.129997
2017-12-15,97.110001
2017-12-18,97.900002
2017-12-19,98.800003
2017-12-20,98.75
2017-12-21,98.059998
2017-12-22,98.209999
2017-12-26,99.160004
2017-12-27,99.260002
2017-12-28,99.400002
2017-12-29,98.75
2018-01-02,98.589996
2018-01-03,99.449997
2018-01-04,99.540001
2018-01-05,100.129997
2018-01-08,101.610001
2018-01-09,100.389999
2018-01-10,99.669998
2018-01-11,100.019997
2018-01-12,100.870003
2018-01-16,100.690002
2018-01-17,102.699997
2018-01-18,104.300003
2018-01-19,104.589996
2018-01-22,105.449997
2018-01-23,105.900002
2018-01-24,105.790001
2018-01-25,106.599998
2018-01-26,108.389999
2018-01-29,109.550003
2018-01-30,107.730003
2018-01-31,106.599998
2018-02-01,105.519997
2018-02-02,104.480003
2018-02-05,100.089996
2018-02-06,100.900002
2018-02-07,102.849998
2018-02-08,100.019997
2018-02-09,99.370003
2018-02-12,99.550003
2018-02-13,100.980003
2018-02-14,101.699997
2018-02-15,103.230003
2018-02-16,104.779999
2018-02-20,94.110001
2018-02-21,91.519997
2018-02-22,92.769997
2018-02-23,92.889999
2018-02-26,93.120003
2018-02-27,91.519997
2018-02-28,90.010002
2018-03-01,89.080002
2018-03-02,88.769997
2018-03-05,89.980003
2018-03-06,89.059998
2018-03-07,87.739998
2018-03-08,87.919998
2018-03-09,88.720001
2018-03-12,88.07
2018-03-13,88.300003
2018-03-14,87.669998
2018-03-15,87.510002
2018-03-16,89.169998
2018-03-19,87.449997
2018-03-20,87.949997
2018-03-21,88.18
2018-03-22,87.139999
2018-03-23,85.419998
2018-03-26,87.5
2018-03-27,86.050003
2018-03-28,87.769997
2018-03-29,88.970001
2018-04-02,85.550003
2018-04-03,86.800003
2018-04-04,87.220001
2018-04-05,87.809998
2018-04-06,86.690002
2018-04-09,86.279999
2018-04-10,86.449997
2018-04-11,85.910004
2018-04-12,85.43
2018-04-13,86.019997
2018-04-16,86.839996
2018-04-17,87.900002
2018-04-18,87.57
2018-04-19,87.889999
2018-04-20,86.980003
2018-04-23,86.099998
2018-04-24,86.529999
2018-04-25,87.169998
2018-04-26,87.940002
2018-04-27,87.290001
2018-04-30,88.459999
2018-05-01,87.410004
2018-05-02,86.339996
2018-05-03,86.230003
2018-05-04,87.529999
2018-05-07,85.470001
2018-05-08,85.739998
2018-05-09,83.059998
2018-05-10,82.690002
2018-05-11,83.379997
2018-05-14,84.389999
2018-05-15,84.519997
2018-05-16,86.129997
2018-05-17,84.489998
2018-05-18,83.639999
2018-05-21,84.510002
2018-05-22,83.370003
2018-05-23,83.010002
2018-05-24,82.849998
2018-05-25,82.459999
2018-05-29,82.400002
2018-05-30,84.120003
2018-05-31,82.540001
2018-06-01,82.989998
2018-06-04,85.419998
2018-06-05,84.620003
2018-06-06,84.559998
2018-06-07,84.949997
2018-06-08,84.360001
2018-06-11,84.300003
2018-06-12,84.099998
2018-06-13,84.089996
2018-06-14,83.790001
2018-06-15,83.699997
2018-06-18,83.0
2018-06-19,83.610001
2018-06-20,83.610001
2018-06-21,84.209999
2018-06-22,84.82
2018-06-25,86.470001
2018-06-26,85.980003
2018-06-27,86.889999
2018-06-28,85.860001
2018-06-29,85.650002
2018-07-02,84.0
2018-07-03,84.440002
2018-07-05,84.57
2018-07-06,84.510002
2018-07-09,85.93
2018-07-10,87.209999
2018-07-11,86.529999
2018-07-12,86.519997
2018-07-13,87.699997
2018-07-16,87.639999
2018-07-17,88.190002
2018-07-18,88.07
2018-07-19,87.720001
2018-07-20,88.059998
2018-07-23,87.629997
2018-07-24,87.959999
2018-07-25,87.900002
2018-07-26,88.230003
2018-07-27,88.129997
2018-07-30,88.879997
2018-07-31,89.230003
2018-08-01,88.239998
2018-08-02,88.760002
2018-08-03,89.599998
2018-08-06,89.669998
2018-08-07,89.769997
2018-08-08,90.050003
2018-08-09,89.010002
2018-08-10,90.18
2018-08-13,89.639999
2018-08-14,90.849998
2018-08-15,90.220001
2018-08-16,98.639999
2018-08-17,97.849998
2018-08-20,96.0
2018-08-21,96.080002
2018-08-22,95.669998
2018-08-23,95.18
2018-08-24,94.949997
2018-08-27,94.540001
2018-08-28,96.07
2018-08-29,95.639999
2018-08-30,96.099998
2018-08-31,95.860001
2018-09-04,95.360001
2018-09-05,96.620003
2018-09-06,96.449997
2018-09-07,95.830002
2018-09-10,96.900002
2018-09-11,96.639999
2018-09-12,95.970001
2018-09-13,95.120003
2018-09-14,94.589996
2018-09-17,94.82
2018-09-18,95.43
2018-09-19,95.239998
2018-09-20,95.75
2018-09-21,95.900002
2018-09-24,94.919998
2018-09-25,95.099998
2018-09-26,94.589996
2018-09-27,94.129997
2018-09-28,93.910004
2018-10-01,94.400002
2018-10-02,95.150002
2018-10-03,94.07
2018-10-04,94.209999
2018-10-05,93.309998
2018-10-08,94.690002
2018-10-09,97.080002
2018-10-10,95.760002
2018-10-11,93.919998
2018-10-12,94.809998
2018-10-15,93.82
2018-10-16,95.809998
2018-10-17,96.559998
2018-10-18,96.169998
2018-10-19,97.150002
2018-10-22,97.139999
2018-10-23,97.800003
2018-10-24,97.559998
2018-10-25,99.18
2018-10-26,98.940002
2018-10-29,99.800003
2018-10-30,102.419998
2018-10-31,100.279999
2018-11-01,100.580002
2018-11-02,101.339996
2018-11-05,102.910004
2018-11-06,103.330002
2018-11-07,104.32
2018-11-08,104.879997
2018-11-09,105.559998
2018-11-12,103.870003
2018-11-13,102.940002
2018-11-14,101.529999
2018-11-15,99.540001
2018-11-16,97.690002
2018-11-19,96.779999
2018-11-20,94.160004
2018-11-21,94.169998
2018-11-23,95.099998
2018-11-26,95.150002
2018-11-27,95.040001
2018-11-28,97.459999
2018-11-29,97.290001
2018-11-30,97.650002
2018-12-03,98.75
2018-12-04,95.809998
2018-12-06,94.769997
2018-12-07,93.190002
2018-12-10,93.940002
2018-12-11,93.849998
2018-12-12,93.110001
2018-12-13,92.959999
2018-12-14,91.849998
2018-12-17,90.769997
2018-12-18,91.080002
2018-12-19,90.550003
2018-12-20,87.279999
2018-12-21,87.129997
2018-12-24,85.82
2018-12-26,90.410004
2018-12-27,91.589996
2018-12-28,92.129997
2018-12-31,93.150002
2019-01-02,93.339996
2019-01-03,92.860001
2019-01-04,93.440002
2019-01-07,94.540001
2019-01-08,95.199997
2019-01-09,94.889999
2019-01-10,94.959999
2019-01-11,94.839996
2019-01-14,94.949997
2019-01-15,96.25
2019-01-16,96.349998
2019-01-17,96.739998
2019-01-18,97.730003
2019-01-22,97.489998
2019-01-23,98.709999
2019-01-24,98.360001
2019-01-25,96.940002
2019-01-28,97.059998
2019-01-29,96.709999
2019-01-30,94.800003
2019-01-31,95.830002
2019-02-01,93.860001
2019-02-04,94.769997
2019-02-05,95.599998
2019-02-06,95.639999
2019-02-07,96.730003
2019-02-08,95.580002
2019-02-11,96.199997
2019-02-12,96.970001
2019-02-13,97.940002
2019-02-14,98.519997
2019-02-15,99.989998
2019-02-19,102.199997
2019-02-20,99.879997
2019-02-21,99.389999
2019-02-22,99.550003
2019-02-25,99.120003
2019-02-26,98.690002
2019-02-27,98.110001
2019-02-28,98.989998
2019-03-01,97.93
2019-03-04,97.849998
2019-03-05,98.339996
2019-03-06,98.260002
2019-03-07,97.449997
2019-03-08,97.589996
2019-03-11,98.480003
2019-03-12,98.370003
2019-03-13,99.029999
2019-03-14,98.220001
2019-03-15,98.419998
2019-03-18,99.660004
2019-03-19,99.849998
2019-03-20,98.639999
2019-03-21,99.059998
2019-03-22,98.279999
2019-03-25,98.169998
2019-03-26,98.32
2019-03-27,97.209999
2019-03-28,97.129997
2019-03-29,97.529999
2019-04-01,97.82
2019-04-02,96.940002
2019-04-03,97.190002
2019-04-04,98.110001
2019-04-05,98.830002
2019-04-08,99.230003
2019-04-09,98.690002
2019-04-10,99.599998
2019-04-11,100.800003
2019-04-12,101.559998
2019-04-15,102.43
2019-04-16,102.93
2019-04-17,103.160004
2019-04-18,103.18
2019-04-22,102.370003
2019-04-23,103.07
2019-04-24,103.529999
2019-04-25,103.519997
2019-04-26,101.529999
2019-04-29,101.559998
2019-04-30,102.839996
2019-05-01,101.360001
2019-05-02,101.150002
2019-05-03,102.080002
2019-05-06,102.459999
2019-05-07,101.300003
2019-05-08,100.300003
2019-05-09,99.540001
2019-05-10,101.910004
2019-05-13,99.889999
2019-05-14,100.290001
2019-05-15,99.879997
2019-05-16,101.309998
2019-05-17,100.860001
2019-05-20,101.519997
2019-05-21,101.120003
2019-05-22,102.230003
2019-05-23,101.860001
2019-05-24,102.669998
2019-05-28,102.419998
2019-05-29,102.120003
2019-05-30,102.190002
2019-05-31,101.440002
2019-06-03,101.959999
2019-06-04,102.559998
2019-06-05,104.419998
2019-06-06,105.110001
2019-06-07,106.059998
2019-06-10,107.519997
2019-06-11,107.940002
2019-06-12,108.82
2019-06-13,108.650002
2019-06-14,109.07
2019-06-17,109.160004
2019-06-18,109.650002
2019-06-19,109.620003
2019-06-20,110.32
2019-06-21,111.129997
2019-06-24,111.239998
2019-06-25,110.720001
2019-06-26,110.160004
2019-06-27,110.099998
2019-06-28,110.489998
2019-07-01,110.620003
2019-07-02,111.599998
2019-07-03,112.32
2019-07-05,111.980003
2019-07-08,112.720001
2019-07-09,112.879997
2019-07-10,112.980003
2019-07-11,113.919998
2019-07-12,114.599998
2019-07-15,114.980003
2019-07-16,114.760002
2019-07-17,114.599998
2019-07-18,114.720001
2019-07-19,113.900002
2019-07-22,112.82
2019-07-23,112.089996
2019-07-24,112.0
2019-07-25,112.220001
2019-07-26,113.019997
2019-07-29,112.269997
2019-07-30,112.059998
2019-07-31,110.379997
2019-08-01,109.379997
2019-08-02,109.400002
2019-08-05,105.82
2019-08-06,107.269997
2019-08-07,108.199997
2019-08-08,108.519997
2019-08-09,107.279999
2019-08-12,105.220001
2019-08-13,107.410004
2019-08-14,106.199997
2019-08-15,112.690002
2019-08-16,112.989998
2019-08-19,113.809998
2019-08-20,112.050003
2019-08-21,112.019997
2019-08-22,111.910004
2019-08-23,110.830002
2019-08-26,111.989998
2019-08-27,112.419998
2019-08-28,112.720001
2019-08-29,114.080002
2019-08-30,114.260002
2019-09-03,114.639999
2019-09-04,115.910004
2019-09-05,115.440002
2019-09-06,114.730003
2019-09-09,116.330002
2019-09-10,116.050003
2019-09-11,116.019997
2019-09-12,116.919998
2019-09-13,117.43
2019-09-16,115.57
2019-09-17,116.510002
2019-09-18,117.160004
2019-09-19,117.110001
2019-09-20,116.980003
2019-09-23,117.620003
2019-09-24,118.400002
2019-09-25,118.470001
2019-09-26,118.300003
2019-09-27,118.449997
2019-09-30,118.68
2019-10-01,117.849998
2019-10-02,116.120003
2019-10-03,116.309998
2019-10-04,118.160004
2019-10-07,117.230003
2019-10-08,117.580002
2019-10-09,118.93
2019-10-10,119.610001
2019-10-11,120.239998
2019-10-14,119.169998
2019-10-15,119.529999
2019-10-16,119.419998
2019-10-17,119.839996
2019-10-18,119.139999
2019-10-21,119.739998
2019-10-22,119.580002
2019-10-23,119.349998
2019-10-24,119.099998
2019-10-25,119.040001
2019-10-28,119.220001
2019-10-29,117.150002
2019-10-30,118.099998
2019-10-31,117.260002
2019-11-01,117.620003
2019-11-04,117.57
2019-11-05,118.860001
2019-11-06,119.5
2019-11-07,120.230003
2019-11-08,119.440002
2019-11-11,119.040001
2019-11-12,119.120003
2019-11-13,120.980003
2019-11-14,120.650002
2019-11-15,118.870003
2019-11-18,120.25
2019-11-19,119.889999
2019-11-20,119.129997
2019-11-21,119.860001
2019-11-22,119.360001
2019-11-25,118.919998
2019-11-26,119.190002
2019-11-27,118.760002
2019-11-29,119.089996
2019-12-02,119.279999
2019-12-03,118.669998
2019-12-04,118.690002
2019-12-05,118.660004
2019-12-06,119.779999
2019-12-09,119.360001
2019-12-10,119.139999
2019-12-11,119.0
2019-12-12,119.760002
2019-12-13,120.290001
2019-12-16,120.540001
2019-12-17,121.279999
2019-12-18,119.860001
2019-12-19,120.080002
2019-12-20,120.290001
2019-12-23,119.029999
2019-12-24,119.510002
2019-12-26,119.519997
2019-12-27,119.589996
2019-12-30,119.400002
2019-12-31,118.839996
2020-01-02,118.940002
2020-01-03,117.889999
2020-01-06,117.650002
2020-01-07,116.559998
2020-01-08,116.160004
2020-01-09,117.360001
2020-01-10,116.379997
2020-01-13,115.879997
2020-01-14,116.18
2020-01-15,115.279999
2020-01-16,115.900002
2020-01-17,114.959999
2020-01-21,115.589996
2020-01-22,116.099998
2020-01-23,115.809998
2020-01-24,114.370003
2020-01-27,115.860001
2020-01-28,116.599998
2020-01-29,115.889999
2020-01-30,116.580002
2020-01-31,114.489998
2020-02-03,114.269997
2020-02-04,115.269997
2020-02-05,116.809998
2020-02-06,116.309998
2020-02-07,116.449997
2020-02-10,115.25
2020-02-11,115.400002
2020-02-12,115.849998
2020-02-13,117.440002
2020-02-14,117.889999
2020-02-18,119.629997
2020-02-19,117.68
2020-02-20,117.690002
2020-02-21,118.580002
2020-02-24,116.32
2020-02-25,114.389999
2020-02-26,113.779999
2020-02-27,110.400002
2020-02-28,107.68
2020-03-02,115.879997
2020-03-03,112.910004
2020-03-04,116.769997
2020-03-05,115.919998
2020-03-06,117.230003
2020-03-09,117.160004
2020-03-10,119.790001
2020-03-11,114.43
2020-03-12,104.050003
2020-03-13,114.099998
2020-03-16,106.760002
2020-03-17,119.260002
2020-03-18,122.580002
2020-03-19,119.449997
2020-03-20,113.970001
2020-03-23,114.279999
2020-03-24,115.029999
2020-03-25,109.400002
2020-03-26,109.82
2020-03-27,109.580002
2020-03-30,115.190002
2020-03-31,113.620003
2020-04-01,114.139999
2020-04-02,118.650002
2020-04-03,119.480003
2020-04-06,126.07
2020-04-07,121.989998
2020-04-08,121.839996
2020-04-09,121.800003
2020-04-13,125.300003
2020-04-14,129.0
2020-04-15,128.759995
2020-04-16,132.330002
2020-04-17,132.119995
2020-04-20,129.850006
2020-04-21,129.210007
2020-04-22,131.589996
2020-04-23,128.529999
2020-04-24,129.440002
2020-04-27,128.300003
2020-04-28,128.0
2020-04-29,123.599998
2020-04-30,121.550003
2020-05-01,122.919998
2020-05-04,123.699997
2020-05-05,124.730003
2020-05-06,123.300003
2020-05-07,121.889999
2020-05-08,122.940002
2020-05-11,123.669998
2020-05-12,123.779999
2020-05-13,123.709999
2020-05-14,123.419998
2020-05-15,125.940002
2020-05-18,127.660004
2020-05-19,124.949997
2020-05-20,125.449997
2020-05-21,124.989998
2020-05-22,124.330002
2020-05-26,123.860001
2020-05-27,122.480003
2020-05-28,123.690002
2020-05-29,124.059998
2020-06-01,123.959999
2020-06-02,123.940002
2020-06-03,123.470001
2020-06-04,122.110001
2020-06-05,121.559998
2020-06-08,121.239998
2020-06-09,121.349998
2020-06-10,121.160004
2020-06-11,120.089996
2020-06-12,117.739998
2020-06-15,118.080002
2020-06-16,119.650002
2020-06-17,119.029999
2020-06-18,117.989998
2020-06-19,119.849998
2020-06-22,121.68
2020-06-23,121.07
2020-06-24,120.300003
2020-06-25,119.709999
2020-06-26,118.32
2020-06-29,119.059998
2020-06-30,119.779999
2020-07-01,119.690002
2020-07-02,119.209999
2020-07-06,118.889999
2020-07-07,126.949997
2020-07-08,124.440002
2020-07-09,127.75
2020-07-10,130.679993
2020-07-13,129.520004
2020-07-14,132.009995
2020-07-15,132.0
2020-07-16,132.199997
2020-07-17,131.740005
2020-07-20,131.470001
2020-07-21,132.330002
2020-07-22,132.660004
2020-07-23,131.639999
2020-07-24,131.240005
2020-07-27,131.210007
2020-07-28,131.759995
2020-07-29,130.690002
2020-07-30,130.119995
2020-07-31,129.399994
2020-08-03,129.300003
2020-08-04,131.639999
2020-08-05,129.809998
2020-08-06,129.350006
2020-08-07,129.970001
2020-08-10,131.880005
2020-08-11,130.199997
2020-08-12,131.889999
2020-08-13,131.850006
2020-08-14,132.600006
2020-08-17,135.600006
2020-08-18,134.710007
2020-08-19,132.410004
2020-08-20,130.570007
2020-08-21,131.630005
2020-08-24,131.330002
2020-08-25,130.630005
2020-08-26,130.699997
2020-08-27,136.630005
2020-08-28,140.300003
2020-08-31,138.850006
2020-09-01,147.589996
2020-09-02,147.679993
2020-09-03,144.539993
2020-09-04,142.830002
2020-09-08,138.449997
2020-09-09,139.889999
2020-09-10,136.809998
2020-09-11,136.699997
2020-09-14,137.320007
2020-09-15,137.360001
2020-09-16,136.259995
2020-09-17,136.690002
2020-09-18,135.289993
2020-09-21,137.070007
2020-09-22,138.309998
2020-09-23,135.990005
2020-09-24,136.699997
2020-09-25,137.270004
2020-09-28,137.25
2020-09-29,137.139999
2020-09-30,139.910004
2020-10-01,143.080002
2020-10-02,140.5
2020-10-05,141.800003
2020-10-06,140.630005
2020-10-07,140.889999
2020-10-08,141.360001
2020-10-09,142.779999
2020-10-12,144.25
2020-10-13,146.229996
2020-10-14,143.940002
2020-10-15,144.529999
2020-10-16,144.710007
2020-10-19,142.949997
2020-10-20,143.899994
2020-10-21,144.399994
2020-10-22,143.550003
2020-10-23,143.850006
2020-10-26,142.160004
2020-10-27,142.869995
2020-10-28,140.039993
2020-10-29,139.919998
2020-10-30,138.75
2020-11-02,140.399994
2020-11-03,142.779999
2020-11-04,141.960007
2020-11-05,143.470001
2020-11-06,145.770004
2020-11-09,143.539993
2020-11-10,145.559998
2020-11-11,147.979996
2020-11-12,148.229996
2020-11-13,150.539993
2020-11-16,152.440002
2020-11-17,149.369995
2020-11-18,149.089996
2020-11-19,152.119995
2020-11-20,150.240005
2020-11-23,150.929993
2020-11-24,151.360001
2020-11-25,151.830002
2020-11-27,151.600006
2020-11-30,152.789993
2020-12-01,152.639999
2020-12-02,150.520004
2020-12-03,149.300003
2020-12-04,148.910004
2020-12-07,148.110001
2020-12-08,149.449997
2020-12-09,148.270004
2020-12-10,147.039993
2020-12-11,147.0
2020-12-14,145.649994
2020-12-15,145.580002
2020-12-16,145.429993
2020-12-17,146.100006
2020-12-18,145.949997
2020-12-21,145.970001
2020-12-22,144.199997
2020-12-23,143.220001
2020-12-24,143.5
2020-12-28,145.220001
2020-12-29,144.300003
2020-12-30,144.179993
2020-12-31,144.149994
2021-01-04,146.529999
2021-01-05,145.75
2021-01-06,146.660004
2021-01-07,146.649994
2021-01-08,146.630005
2021-01-11,147.289993
2021-01-12,148.970001
2021-01-13,147.449997
2021-01-14,146.970001
2021-01-15,144.639999
2021-01-19,143.389999
2021-01-20,145.509995
2021-01-21,144.850006
2021-01-22,146.330002
2021-01-25,146.199997
2021-01-26,147.509995
2021-01-27,143.839996
2021-01-28,143.75
2021-01-29,140.490005
2021-02-01,139.270004
2021-02-02,140.770004
2021-02-03,141.199997
2021-02-04,142.529999
2021-02-05,144.360001
2021-02-08,145.029999
2021-02-09,145.830002
2021-02-10,144.130005
2021-02-11,144.020004
2021-02-12,144.470001
2021-02-16,145.660004
2021-02-17,147.199997
2021-02-18,137.660004
2021-02-19,138.339996
2021-02-22,137.690002
2021-02-23,135.470001
2021-02-24,133.210007
2021-02-25,131.949997
2021-02-26,129.919998
2021-03-01,131.369995
2021-03-02,130.110001
2021-03-03,127.589996
2021-03-04,127.529999
2021-03-05,129.119995
2021-03-08,127.879997
2021-03-09,128.889999
2021-03-10,132.179993
2021-03-11,132.130005
2021-03-12,134.119995
