Date,Open,High,Low,Close,Adj Close,Volume
2020-03-18,115,128.080002,114.5,122.580002,120.567329,25785300
2020-03-19,124.459999,127,117.629997,119.449997,118.008568,19033500
2020-03-20,119.5,122.790001,111.889999,113.970001,112.594704,18474500
2020-03-23,114.169998,117.540001,112.209999,114.279999,112.900963,13122000
2020-03-24,115.870003,117.370003,111.309998,115.029999,113.641907,14235000
2020-03-25,112.970001,114,108.050003,109.400002,108.079857,17762500
2020-03-26,109.400002,110.870003,106.849998,109.82,108.494781,19416900
2020-03-27,110.110001,112.279999,108.599998,109.580002,108.257683,12053500
2020-03-30,111.860001,115.800003,110.940002,115.190002,113.79998,9737500
2020-03-31,114.309998,116.190002,112.639999,113.620003,112.248932,8752800
2020-04-01,112.150002,115.529999,111.800003,114.139999,112.76265,9423200
2020-04-02,113.18,119.110001,112.339996,118.650002,117.218231,9838500
2020-04-03,117.209999,119.910004,117.029999,119.480003,118.038216,9541700
2020-04-06,119.059998,126.389999,118.940002,126.07,124.548698,15922900
2020-04-07,123.980003,126.489998,121.639999,121.989998,120.517921,13789900
2020-04-08,123.690002,123.809998,120.589996,121.839996,120.369736,9292200
2020-04-09,118.220001,122.870003,117.660004,121.800003,120.330223,10944400
2020-04-13,121.269997,125.669998,121.169998,125.300003,123.787987,8064700
2020-04-14,127.099998,129.789993,126.040001,129,127.443336,11366300
2020-04-15,129,129.880005,127.120003,128.759995,127.20623,7478400
2020-04-16,129,132.919998,128.25,132.330002,130.733154,10627400
2020-04-17,131.479996,132.970001,129.729996,132.119995,130.525681,10305100
2020-04-20,132.389999,133.380005,129.759995,129.850006,128.283081,8133900
2020-04-21,130.070007,131.029999,128.160004,129.210007,127.65081,9300200
2020-04-22,130,132.380005,128.899994,131.589996,130.002075,6485000
2020-04-23,129.850006,131.089996,127.730003,128.529999,126.978996,9613300
2020-04-24,129.350006,129.889999,128.559998,129.440002,127.878021,5782800
2020-04-27,130,130.309998,128.169998,128.300003,126.751785,5974600
2020-04-28,128.279999,130.240005,127.699997,128,126.455399,6910700
2020-04-29,125.57,125.760002,122.550003,123.599998,122.108498,14870700
2020-04-30,123.080002,123.440002,121.040001,121.550003,120.083237,13499300
2020-05-01,121.480003,123.690002,120.779999,122.919998,121.436699,10381300
2020-05-04,123.839996,124.400002,121.709999,123.699997,122.207291,5935900
2020-05-05,123.800003,125.260002,123.260002,124.730003,123.224869,6445800
2020-05-06,125.209999,125.489998,122.849998,123.300003,121.812119,5769700
2020-05-07,123.459999,123.980003,121.5,121.889999,120.948837,9115200
2020-05-08,122.75,123.010002,121.620003,122.940002,121.99073,6944400
2020-05-11,123.040001,124.309998,123.010002,123.669998,122.715096,8447300
2020-05-12,124.480003,125.660004,123.779999,123.779999,122.824242,6366700
2020-05-13,123.5,126.239998,123.089996,123.709999,122.754784,9725100
2020-05-14,124.849998,125.129997,121.300003,123.419998,122.467026,7411000
2020-05-15,123.470001,125.940002,123.089996,125.940002,124.967567,10590000
2020-05-18,127.5,128.559998,126.099998,127.660004,126.674286,13035900
2020-05-19,131.75,131.990005,124.809998,124.949997,123.985207,24915400
2020-05-20,126.489998,126.589996,124.629997,125.449997,124.481339,10748800
2020-05-21,124.889999,126.139999,124.25,124.989998,124.024895,7482700
2020-05-22,125.099998,125.349998,123.769997,124.330002,123.369995,7453200
2020-05-26,124.339996,125.510002,123.629997,123.860001,122.903625,7910200
2020-05-27,123.970001,124.489998,121.029999,122.480003,121.534279,10357900
2020-05-28,123.720001,124.949997,123.160004,123.690002,122.73494,8141600
2020-05-29,124.239998,124.709999,121.93,124.059998,123.102074,9772400
2020-06-01,123.440002,124.410004,122.360001,123.959999,123.002853,6850100
2020-06-02,123.589996,124.150002,122.809998,123.940002,122.983009,6395900
2020-06-03,123.900002,123.989998,122.660004,123.470001,122.51664,6754300
2020-06-04,122.800003,123.889999,121.82,122.110001,121.167137,8005000
2020-06-05,122.57,122.68,119.910004,121.559998,120.621384,13112400
2020-06-08,119.580002,121.239998,119.459999,121.239998,120.303856,9448100
2020-06-09,121.599998,122,120.559998,121.349998,120.41301,6915400
2020-06-10,121.559998,122.5,121.129997,121.160004,120.22448,9380500
2020-06-11,120.989998,122.580002,119.480003,120.089996,119.162735,11387600
2020-06-12,120.510002,120.75,117.059998,117.739998,116.830879,10786400
2020-06-15,118.400002,118.68,117.010002,118.080002,117.168259,10901100
2020-06-16,119.800003,120.230003,118.540001,119.650002,118.726135,8389200
2020-06-17,119.860001,120.129997,118.400002,119.029999,118.110924,6722300
2020-06-18,118.540001,119.059998,117.660004,117.989998,117.078949,6690000
2020-06-19,118.889999,120.300003,117.75,119.849998,118.924591,13359600
2020-06-22,120.970001,122.089996,120.400002,121.68,120.740463,9112800
2020-06-23,122.75,122.849998,120.959999,121.07,120.13517,6575900
2020-06-24,120.739998,121.120003,119.580002,120.300003,119.371117,6871600
2020-06-25,119.760002,120.160004,118.379997,119.709999,118.785667,6856600
2020-06-26,119.599998,120.839996,118.019997,118.32,117.406403,8997200
2020-06-29,118.5,119.68,118.220001,119.059998,118.140686,5503800
2020-06-30,119.220001,120.129997,118.540001,119.779999,118.855125,6836400
2020-07-01,119.449997,119.919998,118.660004,119.690002,118.765831,6577900
2020-07-02,120.089996,120.879997,118.860001,119.209999,118.289528,5898600
2020-07-06,119.800003,119.870003,118.220001,118.889999,117.972,7231700
2020-07-07,118.449997,127.550003,118.220001,126.949997,125.969757,31152700
2020-07-08,128,128.130005,124.400002,124.440002,123.479149,17405700
2020-07-09,125.610001,128.179993,124.949997,127.75,126.763588,14257200
2020-07-10,128.740005,131.369995,127.260002,130.679993,129.670959,14745600
2020-07-13,131.330002,133.630005,128.889999,129.520004,128.519928,14112800
2020-07-14,129.279999,132.5,129.029999,132.009995,130.990692,8818600
2020-07-15,132.270004,134.130005,130.800003,132,130.980774,10577100
2020-07-16,132.050003,132.729996,131.240005,132.199997,131.17923,5892200
2020-07-17,133.369995,133.369995,131.470001,131.740005,130.722794,6063200
2020-07-20,131.960007,132.740005,131.139999,131.470001,130.454865,6114200
2020-07-21,131.559998,133.990005,131.449997,132.330002,131.308228,7240400
2020-07-22,132.570007,133.029999,131.190002,132.660004,131.635681,5388200
2020-07-23,133,133.149994,131.309998,131.639999,130.62355,5598800
2020-07-24,130.949997,132.399994,130.509995,131.240005,130.226639,4345800
2020-07-27,130.860001,131.979996,130.860001,131.210007,130.196884,4681900
2020-07-28,131.5,132.380005,130.919998,131.759995,130.74263,4804700
2020-07-29,131.559998,131.860001,129.850006,130.690002,129.680893,4741100
2020-07-30,129.419998,130.419998,128.720001,130.119995,129.115295,4596100
2020-07-31,129.649994,130.089996,127.620003,129.399994,128.400848,7211500
2020-08-03,129.910004,130.119995,128.270004,129.300003,128.301636,4990500
2020-08-04,129.649994,131.710007,128.940002,131.639999,130.62355,6073200
2020-08-05,130.449997,130.75,128.830002,129.809998,128.807678,8503600
2020-08-06,129.130005,130.229996,129.029999,129.350006,128.351242,4832100
2020-08-07,129.580002,130.460007,129.110001,129.970001,128.966446,5519500
2020-08-10,130.240005,132.339996,129.649994,131.880005,130.861694,5894400
2020-08-11,132.589996,132.869995,129.729996,130.199997,129.194672,8453400
2020-08-12,130.470001,132.229996,129.080002,131.889999,130.871628,6372100
2020-08-13,131.210007,131.960007,130.729996,131.850006,131.369812,6622400
2020-08-14,132.339996,132.970001,131.630005,132.600006,132.117081,6702100
2020-08-17,134.350006,136.130005,133.850006,135.600006,135.106155,13155000
2020-08-18,136.169998,137.630005,133.169998,134.710007,134.219391,26744200
2020-08-19,134.210007,134.660004,131.850006,132.410004,131.927765,12718400
2020-08-20,131.210007,132.070007,130.050003,130.570007,130.094467,8936900
2020-08-21,130.550003,132.669998,130.100006,131.630005,131.150604,8288000
2020-08-24,132.25,132.479996,130.330002,131.330002,130.8517,6604600
2020-08-25,130.800003,131.240005,129.669998,130.630005,130.154251,7240800
2020-08-26,130.210007,130.880005,129.699997,130.699997,130.223984,6271600
2020-08-27,131.080002,139.350006,130.899994,136.630005,136.132401,39672900
2020-08-28,141,141.070007,137.839996,140.300003,139.789032,21350300
2020-08-31,137.479996,138.889999,135.529999,138.850006,138.344315,15078800
2020-09-01,141.199997,149.589996,140.050003,147.589996,147.052475,35708200
2020-09-02,151.25,151.330002,145.610001,147.679993,147.142136,17222000
2020-09-03,146.699997,149.600006,141.809998,144.539993,144.01358,16005000
2020-09-04,144.020004,145.039993,140.100006,142.830002,142.309814,11327400
2020-09-08,141.410004,141.899994,138.259995,138.449997,137.945755,11322300
2020-09-09,140.089996,142.610001,139.449997,139.889999,139.380524,11223000
2020-09-10,140.059998,140.539993,136.589996,136.809998,136.311737,11236400
2020-09-11,137.050003,138.440002,135.550003,136.699997,136.202133,9626600
2020-09-14,136.139999,141.100006,135.880005,137.320007,136.819885,15244600
2020-09-15,138.229996,139.080002,136.679993,137.360001,136.859726,10142600
2020-09-16,138.410004,138.679993,136.050003,136.259995,135.763733,9286800
2020-09-17,135.429993,137.570007,135.020004,136.690002,136.192169,12415000
2020-09-18,136.440002,137.529999,134.75,135.289993,134.797256,18236400
2020-09-21,136.5,137.240005,135.289993,137.070007,136.570801,15758500
2020-09-22,137.070007,138.990005,136.570007,138.309998,137.806274,11034000
2020-09-23,139,139.240005,135.820007,135.990005,135.49472,7711100
2020-09-24,135.729996,137.789993,135.070007,136.699997,136.202133,9817700
2020-09-25,136.520004,137.539993,135.960007,137.270004,136.770065,7539600
2020-09-28,137.160004,138.050003,136.720001,137.25,136.750137,7065700
2020-09-29,137.25,138.139999,136.389999,137.139999,136.640533,9234300
2020-09-30,137.389999,141.740005,137.199997,139.910004,139.400452,11608800
2020-10-01,140.800003,144.380005,140.259995,143.080002,142.558899,14430300
2020-10-02,142.339996,143.100006,140.130005,140.5,139.988297,8195000
2020-10-05,141.289993,142.190002,141.070007,141.800003,141.283569,4753000
2020-10-06,141.869995,142.940002,140.25,140.630005,140.117828,7158500
2020-10-07,141.259995,141.550003,140.25,140.889999,140.376877,5649700
2020-10-08,141.509995,142.089996,141.119995,141.360001,140.845169,4892300
2020-10-09,141.660004,143.339996,141.559998,142.779999,142.259995,4831600
2020-10-12,143.020004,145.389999,143.020004,144.25,143.72464,6134100
2020-10-13,144.679993,146.600006,144.360001,146.229996,145.697418,7933400
2020-10-14,146.399994,146.529999,143.759995,143.940002,143.415771,6574100
2020-10-15,143.089996,144.960007,142.839996,144.529999,144.003616,4564200
2020-10-16,145.399994,146.149994,144.470001,144.710007,144.182968,5645000
2020-10-19,145.100006,145.369995,142.75,142.949997,142.429367,4881100
2020-10-20,144.110001,145.529999,143.619995,143.899994,143.3759,4841000
2020-10-21,143.839996,145.729996,143.839996,144.399994,143.874084,4371400
2020-10-22,144.190002,144.559998,142.690002,143.550003,143.027191,4448000
2020-10-23,143.970001,144.139999,142.850006,143.850006,143.326096,3513500
2020-10-26,142.839996,143.119995,140.940002,142.160004,141.642258,5370600
2020-10-27,142.050003,143.699997,141.970001,142.869995,142.349655,3943700
2020-10-28,140.960007,142.130005,139.880005,140.039993,139.529968,5616400
2020-10-29,140,141.110001,138.699997,139.919998,139.4104,5051300
2020-10-30,139.179993,140.089996,137.369995,138.75,138.244675,6200600
2020-11-02,140.589996,140.809998,139.029999,140.399994,139.888657,5525200
2020-11-03,141.649994,144.160004,141.570007,142.779999,142.259995,5137700
2020-11-04,141.570007,144.389999,141.339996,141.960007,141.442978,5975800
2020-11-05,144,144.229996,142.940002,143.470001,142.947479,4734200
2020-11-06,144.360001,146.220001,143.550003,145.770004,145.239105,5399500
2020-11-09,148,148.199997,143.479996,143.539993,143.017212,9399500
2020-11-10,143.75,146.440002,143.529999,145.559998,145.029861,6066400
2020-11-11,146.919998,148.960007,146.399994,147.979996,147.441055,6268600
2020-11-12,148.479996,148.710007,147.100006,148.229996,147.69014,4188100
2020-11-13,148.940002,150.940002,147.520004,150.539993,149.99173,6579400
2020-11-16,150.529999,153.399994,149.279999,152.440002,151.884811,11520100
2020-11-17,150.5,153.240005,149.179993,149.369995,148.825989,14237200
2020-11-18,149.860001,151.669998,149.050003,149.089996,148.547012,8312300
2020-11-19,149.460007,152.449997,149.320007,152.119995,151.565964,6196900
2020-11-20,151.169998,152.759995,149.809998,150.240005,149.692825,7312400
2020-11-23,150.369995,151.399994,149.369995,150.929993,150.380295,6185700
2020-11-24,151.740005,151.979996,150.270004,151.360001,150.808746,5718400
2020-11-25,151.25,152.389999,151.210007,151.830002,151.277039,4611100
2020-11-27,152.149994,152.720001,151.100006,151.600006,151.047882,3666500
2020-11-30,151.600006,152.949997,150.100006,152.789993,152.233536,10898500
2020-12-01,153.600006,153.660004,151.660004,152.639999,152.084076,7647100
2020-12-02,152,152.619995,149.529999,150.520004,149.971802,7849000
2020-12-03,150.279999,150.279999,148.389999,149.300003,148.756256,8575300
2020-12-04,149.509995,149.509995,147.580002,148.910004,148.367676,6963100
2020-12-07,148.460007,148.990005,147.160004,148.110001,147.570587,6159700
2020-12-08,147.360001,149.850006,147.179993,149.449997,148.905701,6905500
2020-12-09,150,150,147.889999,148.270004,147.729996,6713200
2020-12-10,147.75,148.149994,146.570007,147.039993,147.039993,6884100
2020-12-11,146.919998,147.509995,145.940002,147,147,5620300
2020-12-14,147.699997,147.720001,145.399994,145.649994,145.649994,8362700
2020-12-15,145.520004,146.360001,144.860001,145.580002,145.580002,10631500
2020-12-16,146.240005,146.889999,145.080002,145.429993,145.429993,8550300
2020-12-17,146.059998,146.440002,145.149994,146.100006,146.100006,10226500
2020-12-18,146.619995,147.179993,145.160004,145.949997,145.949997,13794700
2020-12-21,145.5,146.669998,145.059998,145.970001,145.970001,8517700
2020-12-22,145.149994,146.229996,143.139999,144.199997,144.199997,12533000
2020-12-23,143.539993,144.220001,142.300003,143.220001,143.220001,6810200
2020-12-24,143.539993,144.389999,143.179993,143.5,143.5,3018200
2020-12-28,144.039993,145.300003,143.330002,145.220001,145.220001,6448300
2020-12-29,145.639999,145.850006,143.589996,144.300003,144.300003,5979400
2020-12-30,144.880005,145.149994,143.940002,144.179993,144.179993,6250400
2020-12-31,144.199997,144.270004,142.850006,144.149994,144.149994,5938000
2021-01-04,144.300003,146.889999,144.279999,146.529999,146.529999,10727400
2021-01-05,146.600006,147.070007,144.490005,145.75,145.75,8832700
2021-01-06,145.089996,148.100006,145.009995,146.660004,146.660004,7306300
2021-01-07,147.619995,147.759995,146.039993,146.649994,146.649994,6846000
2021-01-08,146.880005,147,145.809998,146.630005,146.630005,8159400
2021-01-11,146,147.990005,146,147.289993,147.289993,8782400
2021-01-12,149,149.929993,148.320007,148.970001,148.970001,7791100
2021-01-13,148.75,149.070007,147.429993,147.449997,147.449997,5356500
2021-01-14,147.820007,148,146.039993,146.970001,146.970001,7672400
2021-01-15,145.139999,145.899994,143.669998,144.639999,144.639999,11973500
2021-01-19,144.639999,145.070007,142.669998,143.389999,143.389999,8041200
2021-01-20,143.589996,145.660004,142.889999,145.509995,145.509995,7925200
2021-01-21,145.360001,145.729996,144.210007,144.850006,144.850006,4783300
2021-01-22,145.600006,147.339996,145.119995,146.330002,146.330002,6406500
2021-01-25,145.360001,146.25,144.270004,146.199997,146.199997,6343700
2021-01-26,145.630005,147.809998,145.470001,147.509995,147.509995,5010500
2021-01-27,146.960007,147.860001,143.550003,143.839996,143.839996,9970100
2021-01-28,144.460007,146.259995,143.630005,143.75,143.75,7433900
2021-01-29,143.179993,143.75,140.350006,140.490005,140.490005,10825900
2021-02-01,140.910004,141.490005,139.190002,139.270004,139.270004,8648400
2021-02-02,139.759995,142.149994,139.440002,140.770004,140.770004,9000800
2021-02-03,140.660004,142.050003,140.630005,141.199997,141.199997,4988900
2021-02-04,141.789993,143.179993,141.259995,142.529999,142.529999,5782100
2021-02-05,143.460007,144.850006,142.529999,144.360001,144.360001,6814700
2021-02-08,144.809998,145.580002,144.460007,145.029999,145.029999,5275100
2021-02-09,144.580002,146.320007,144.580002,145.830002,145.830002,5302300
2021-02-10,145.830002,145.899994,143.539993,144.130005,144.130005,6192300
2021-02-11,144.139999,144.949997,143.710007,144.020004,144.020004,4254800
2021-02-12,144.160004,144.610001,143.669998,144.470001,144.470001,4463300
2021-02-16,145.940002,146.389999,144.929993,145.660004,145.660004,9297000
2021-02-17,144.649994,147.5,144.5,147.199997,147.199997,8523700
2021-02-18,139,140.699997,137.5,137.660004,137.660004,32309100
2021-02-19,137.800003,139.419998,137.669998,138.339996,138.339996,12202000
2021-02-22,137.740005,138.339996,136.25,137.690002,137.690002,10702200
2021-02-23,137.110001,137.389999,135.059998,135.470001,135.470001,10433400
2021-02-24,135.869995,136.160004,133.050003,133.210007,133.210007,15521900
2021-02-25,133.100006,134.009995,131.479996,131.949997,131.949997,11108200
2021-02-26,131.479996,131.809998,129.860001,129.919998,129.919998,14146800
2021-03-01,131.580002,132.570007,131.130005,131.369995,131.369995,11515100
2021-03-02,131.509995,132.75,130.009995,130.110001,130.110001,9734900
2021-03-03,129.5,129.929993,127.550003,127.589996,127.589996,13917900
2021-03-04,127.860001,129.580002,126.279999,127.529999,127.529999,15087400
2021-03-05,126.830002,129.75,126.75,129.119995,129.119995,11349800
2021-03-08,129.330002,129.839996,127.809998,127.879997,127.879997,13651600
2021-03-09,128.800003,129.880005,128.320007,128.889999,128.889999,10631100
2021-03-10,128.860001,133.050003,128.470001,132.179993,132.179993,14959700
2021-03-11,133.360001,133.490005,131.529999,132.130005,132.130005,11822600
2021-03-12,132.520004,134.520004,132.080002,134.119995,134.119995,9473500
2021-03-15,134.740005,134.75,132.820007,133.429993,133.429993,8357300
2021-03-16,132.820007,134.279999,132.820007,133.389999,133.389999,6607200
2021-03-17,132.5,133.139999,131.990005,132.279999,132.279999,7935597
