ID,ds,y
9425,2010-01-04,54.23
9426,2010-01-05,53.689999
9427,2010-01-06,53.57
9428,2010-01-07,53.599998
9429,2010-01-08,53.330002
9430,2010-01-11,54.209999
9431,2010-01-12,54.73
9432,2010-01-13,55.009998
9433,2010-01-14,54.209999
9434,2010-01-15,53.68
9435,2010-01-19,54.029999
9436,2010-01-20,53.860001
9437,2010-01-21,52.919998
9438,2010-01-22,52.939999
9439,2010-01-25,52.880001
9440,2010-01-26,53.610001
9441,2010-01-27,53.400002
9442,2010-01-28,52.610001
9443,2010-01-29,53.43
9444,2010-02-01,53.48
9445,2010-02-02,53.490002
9446,2010-02-03,54.27
9447,2010-02-04,52.970001
9448,2010-02-05,53.450001
9449,2010-02-08,52.93
9450,2010-02-09,53.25
9451,2010-02-10,53.240002
9452,2010-02-11,53.080002
9453,2010-02-12,52.900002
9454,2010-02-16,53.560001
9455,2010-02-17,54.060001
9456,2010-02-18,53.470001
9457,2010-02-19,53.490002
9458,2010-02-22,53.830002
9459,2010-02-23,53.619999
9460,2010-02-24,53.919998
9461,2010-02-25,54.150002
9462,2010-02-26,54.07
9463,2010-03-01,53.900002
9464,2010-03-02,53.59
9465,2010-03-03,53.66
9466,2010-03-04,53.959999
9467,2010-03-05,54.139999
9468,2010-03-08,54.150002
9469,2010-03-09,54.060001
9470,2010-03-10,53.630001
9471,2010-03-11,53.970001
9472,2010-03-12,53.900002
9473,2010-03-15,55.419998
9474,2010-03-16,55.990002
9475,2010-03-17,55.919998
9476,2010-03-18,55.939999
9477,2010-03-19,55.34
9478,2010-03-22,55.619999
9479,2010-03-23,55.889999
9480,2010-03-24,55.580002
9481,2010-03-25,55.610001
9482,2010-03-26,55.509998
9483,2010-03-29,55.740002
9484,2010-03-30,55.91
9485,2010-03-31,55.599998
9486,2010-04-01,55.490002
9487,2010-04-05,55.490002
9488,2010-04-06,55.529999
9489,2010-04-07,55.279999
9490,2010-04-08,55.380001
9491,2010-04-09,55.07
9492,2010-04-12,55.02
9493,2010-04-13,54.720001
9494,2010-04-14,54.639999
9495,2010-04-15,54.130001
9496,2010-04-16,54.110001
9497,2010-04-19,54.389999
9498,2010-04-20,54.52
9499,2010-04-21,54.470001
9500,2010-04-22,54.490002
9501,2010-04-23,54.529999
9502,2010-04-26,54.040001
9503,2010-04-27,54.040001
9504,2010-04-28,53.610001
9505,2010-04-29,53.700001
9506,2010-04-30,53.639999
9507,2010-05-03,53.740002
9508,2010-05-04,54.02
9509,2010-05-05,54.77
9510,2010-05-06,53.23
9511,2010-05-07,52.400002
9512,2010-05-10,52.580002
9513,2010-05-11,52.459999
9514,2010-05-12,52.48
9515,2010-05-13,52.400002
9516,2010-05-14,52.119999
9517,2010-05-17,52.73
9518,2010-05-18,53.709999
9519,2010-05-19,53.040001
9520,2010-05-20,51.299999
9521,2010-05-21,51.369999
9522,2010-05-24,51.0
9523,2010-05-25,50.279999
9524,2010-05-26,50.02
9525,2010-05-27,50.700001
9526,2010-05-28,50.560001
9527,2010-06-01,50.919998
9528,2010-06-02,51.720001
9529,2010-06-03,51.720001
9530,2010-06-04,50.400002
9531,2010-06-07,50.740002
9532,2010-06-08,50.779999
9533,2010-06-09,50.990002
9534,2010-06-10,51.220001
9535,2010-06-11,50.860001
9536,2010-06-14,51.240002
9537,2010-06-15,51.639999
9538,2010-06-16,50.98
9539,2010-06-17,51.41
9540,2010-06-18,51.549999
9541,2010-06-21,51.02
9542,2010-06-22,50.68
9543,2010-06-23,50.810001
9544,2010-06-24,50.029999
9545,2010-06-25,48.799999
9546,2010-06-28,49.57
9547,2010-06-29,48.900002
9548,2010-06-30,48.07
9549,2010-07-01,48.34
9550,2010-07-02,48.0
9551,2010-07-06,48.57
9552,2010-07-07,48.919998
9553,2010-07-08,49.18
9554,2010-07-09,49.43
9555,2010-07-12,50.119999
9556,2010-07-13,50.540001
9557,2010-07-14,50.349998
9558,2010-07-15,50.41
9559,2010-07-16,49.669998
9560,2010-07-19,49.52
9561,2010-07-20,50.880001
9562,2010-07-21,50.349998
9563,2010-07-22,50.860001
9564,2010-07-23,51.669998
9565,2010-07-26,51.130001
9566,2010-07-27,50.959999
9567,2010-07-28,51.130001
9568,2010-07-29,51.060001
9569,2010-07-30,51.189999
9570,2010-08-02,51.41
9571,2010-08-03,51.290001
9572,2010-08-04,51.599998
9573,2010-08-05,51.619999
9574,2010-08-06,51.790001
9575,2010-08-09,52.060001
9576,2010-08-10,52.220001
9577,2010-08-11,51.02
9578,2010-08-12,50.43
9579,2010-08-13,50.400002
9580,2010-08-16,50.41
9581,2010-08-17,51.02
9582,2010-08-18,50.860001
9583,2010-08-19,50.060001
9584,2010-08-20,50.220001
9585,2010-08-23,51.139999
9586,2010-08-24,51.299999
9587,2010-08-25,51.549999
9588,2010-08-26,50.970001
9589,2010-08-27,51.0
9590,2010-08-30,50.549999
9591,2010-08-31,50.139999
9592,2010-09-01,51.200001
9593,2010-09-02,51.759998
9594,2010-09-03,52.040001
9595,2010-09-07,51.860001
9596,2010-09-08,51.830002
9597,2010-09-09,51.91
9598,2010-09-10,51.970001
9599,2010-09-13,52.209999
9600,2010-09-14,52.66
9601,2010-09-15,52.860001
9602,2010-09-16,53.150002
9603,2010-09-17,53.009998
9604,2010-09-20,53.540001
9605,2010-09-21,53.57
9606,2010-09-22,53.82
9607,2010-09-23,53.650002
9608,2010-09-24,54.080002
9609,2010-09-27,53.48
9610,2010-09-28,53.82
9611,2010-09-29,53.349998
9612,2010-09-30,53.52
9613,2010-10-01,53.360001
9614,2010-10-04,53.57
9615,2010-10-05,54.0
9616,2010-10-06,54.560001
9617,2010-10-07,54.360001
9618,2010-10-08,54.41
9619,2010-10-11,54.610001
9620,2010-10-12,53.919998
9621,2010-10-13,53.82
9622,2010-10-14,53.25
9623,2010-10-15,53.349998
9624,2010-10-18,53.759998
9625,2010-10-19,53.32
9626,2010-10-20,53.470001
9627,2010-10-21,54.029999
9628,2010-10-22,54.060001
9629,2010-10-25,53.950001
9630,2010-10-26,54.560001
9631,2010-10-27,53.869999
9632,2010-10-28,54.080002
9633,2010-10-29,54.169998
9634,2010-11-01,54.310001
9635,2010-11-02,54.790001
9636,2010-11-03,54.91
9637,2010-11-04,55.360001
9638,2010-11-05,55.200001
9639,2010-11-08,54.91
9640,2010-11-09,55.049999
9641,2010-11-10,54.509998
9642,2010-11-11,54.34
9643,2010-11-12,54.130001
9644,2010-11-15,53.950001
9645,2010-11-16,54.259998
9646,2010-11-17,53.77
9647,2010-11-18,53.98
9648,2010-11-19,54.389999
9649,2010-11-22,54.380001
9650,2010-11-23,53.669998
9651,2010-11-24,54.009998
9652,2010-11-26,53.740002
9653,2010-11-29,53.849998
9654,2010-11-30,54.09
9655,2010-12-01,54.700001
9656,2010-12-02,54.75
9657,2010-12-03,54.619999
9658,2010-12-06,54.490002
9659,2010-12-07,55.09
9660,2010-12-08,54.490002
9661,2010-12-09,54.34
9662,2010-12-10,54.279999
9663,2010-12-13,54.209999
9664,2010-12-14,54.450001
9665,2010-12-15,54.23
9666,2010-12-16,54.630001
9667,2010-12-17,54.41
9668,2010-12-20,53.77
9669,2010-12-21,53.650002
9670,2010-12-22,53.310001
9671,2010-12-23,53.599998
9672,2010-12-27,53.57
9673,2010-12-28,53.740002
9674,2010-12-29,54.080002
9675,2010-12-30,54.07
9676,2010-12-31,53.93
9677,2011-01-03,54.560001
9678,2011-01-04,54.77
9679,2011-01-05,54.41
9680,2011-01-06,53.959999
9681,2011-01-07,54.080002
9682,2011-01-10,53.73
9683,2011-01-11,54.290001
9684,2011-01-12,54.849998
9685,2011-01-13,54.790001
9686,2011-01-14,54.810001
9687,2011-01-18,55.139999
9688,2011-01-19,55.029999
9689,2011-01-20,55.990002
9690,2011-01-21,55.73
9691,2011-01-24,56.049999
9692,2011-01-25,57.259998
9693,2011-01-26,57.32
9694,2011-01-27,57.57
9695,2011-01-28,56.700001
9696,2011-01-31,56.07
9697,2011-02-01,56.330002
9698,2011-02-02,55.860001
9699,2011-02-03,55.919998
9700,2011-02-04,56.029999
9701,2011-02-07,56.07
9702,2011-02-08,56.380001
9703,2011-02-09,56.73
9704,2011-02-10,55.59
9705,2011-02-11,55.689999
9706,2011-02-14,54.799999
9707,2011-02-15,54.950001
9708,2011-02-16,54.549999
9709,2011-02-17,54.75
9710,2011-02-18,55.380001
9711,2011-02-22,53.669998
9712,2011-02-23,53.029999
9713,2011-02-24,52.09
9714,2011-02-25,51.75
9715,2011-02-28,51.98
9716,2011-03-01,52.07
9717,2011-03-02,51.970001
9718,2011-03-03,52.009998
9719,2011-03-04,52.07
9720,2011-03-07,52.02
9721,2011-03-08,52.439999
9722,2011-03-09,52.669998
9723,2011-03-10,52.650002
9724,2011-03-11,52.59
9725,2011-03-14,52.32
9726,2011-03-15,52.060001
9727,2011-03-16,51.380001
9728,2011-03-17,51.369999
9729,2011-03-18,51.52
9730,2011-03-21,51.919998
9731,2011-03-22,52.0
9732,2011-03-23,51.639999
9733,2011-03-24,52.59
9734,2011-03-25,52.349998
9735,2011-03-28,52.189999
9736,2011-03-29,52.259998
9737,2011-03-30,52.360001
9738,2011-03-31,52.049999
9739,2011-04-01,52.130001
9740,2011-04-04,52.650002
9741,2011-04-05,52.740002
9742,2011-04-06,52.98
9743,2011-04-07,53.0
9744,2011-04-08,52.540001
9745,2011-04-11,52.82
9746,2011-04-12,53.52
9747,2011-04-13,53.630001
9748,2011-04-14,53.5
9749,2011-04-15,53.549999
9750,2011-04-18,53.310001
9751,2011-04-19,53.349998
9752,2011-04-20,53.689999
9753,2011-04-21,53.580002
9754,2011-04-25,53.369999
9755,2011-04-26,53.91
9756,2011-04-27,54.419998
9757,2011-04-28,54.689999
9758,2011-04-29,54.98
9759,2011-05-02,55.040001
9760,2011-05-03,55.459999
9761,2011-05-04,55.369999
9762,2011-05-05,55.07
9763,2011-05-06,55.02
9764,2011-05-09,55.099998
9765,2011-05-10,55.529999
9766,2011-05-11,55.169998
9767,2011-05-12,55.720001
9768,2011-05-13,55.720001
9769,2011-05-16,56.060001
9770,2011-05-17,55.540001
9771,2011-05-18,55.18
9772,2011-05-19,55.48
9773,2011-05-20,55.290001
9774,2011-05-23,55.220001
9775,2011-05-24,54.779999
9776,2011-05-25,54.560001
9777,2011-05-26,54.619999
9778,2011-05-27,54.700001
9779,2011-05-31,55.220001
9780,2011-06-01,54.299999
9781,2011-06-02,53.549999
9782,2011-06-03,53.66
9783,2011-06-06,53.759998
9784,2011-06-07,53.830002
9785,2011-06-08,53.689999
9786,2011-06-09,53.619999
9787,2011-06-10,52.720001
9788,2011-06-13,52.619999
9789,2011-06-14,52.91
9790,2011-06-15,52.32
9791,2011-06-16,52.830002
9792,2011-06-17,52.82
9793,2011-06-20,53.040001
9794,2011-06-21,53.290001
9795,2011-06-22,53.009998
9796,2011-06-23,53.290001
9797,2011-06-24,52.41
9798,2011-06-27,52.290001
9799,2011-06-28,52.529999
9800,2011-06-29,52.639999
9801,2011-06-30,53.139999
9802,2011-07-01,53.509998
9803,2011-07-05,53.389999
9804,2011-07-06,53.720001
9805,2011-07-07,54.490002
9806,2011-07-08,54.080002
9807,2011-07-11,53.869999
9808,2011-07-12,53.939999
9809,2011-07-13,54.02
9810,2011-07-14,53.630001
9811,2011-07-15,53.630001
9812,2011-07-18,53.32
9813,2011-07-19,53.970001
9814,2011-07-20,53.889999
9815,2011-07-21,54.470001
9816,2011-07-22,54.52
9817,2011-07-25,53.970001
9818,2011-07-26,53.59
9819,2011-07-27,53.25
9820,2011-07-28,52.990002
9821,2011-07-29,52.709999
9822,2011-08-01,52.619999
9823,2011-08-02,51.68
9824,2011-08-03,51.279999
9825,2011-08-04,50.099998
9826,2011-08-05,50.849998
9827,2011-08-08,48.919998
9828,2011-08-09,50.82
9829,2011-08-10,48.41
9830,2011-08-11,49.73
9831,2011-08-12,49.75
9832,2011-08-15,49.98
9833,2011-08-16,51.919998
9834,2011-08-17,51.549999
9835,2011-08-18,51.790001
9836,2011-08-19,52.299999
9837,2011-08-22,52.189999
9838,2011-08-23,53.209999
9839,2011-08-24,53.369999
9840,2011-08-25,52.700001
9841,2011-08-26,52.900002
9842,2011-08-29,53.189999
9843,2011-08-30,52.82
9844,2011-08-31,53.189999
9845,2011-09-01,52.650002
9846,2011-09-02,52.029999
9847,2011-09-06,51.68
9848,2011-09-07,52.419998
9849,2011-09-08,52.209999
9850,2011-09-09,51.360001
9851,2011-09-12,51.82
9852,2011-09-13,51.59
9853,2011-09-14,52.200001
9854,2011-09-15,52.509998
9855,2011-09-16,52.650002
9856,2011-09-19,52.450001
9857,2011-09-20,52.290001
9858,2011-09-21,51.32
9859,2011-09-22,50.279999
9860,2011-09-23,50.799999
9861,2011-09-26,51.830002
9862,2011-09-27,52.029999
9863,2011-09-28,51.310001
9864,2011-09-29,51.93
9865,2011-09-30,51.900002
9866,2011-10-03,51.959999
9867,2011-10-04,52.880001
9868,2011-10-05,52.650002
9869,2011-10-06,52.75
9870,2011-10-07,53.700001
9871,2011-10-10,54.810001
9872,2011-10-11,54.720001
9873,2011-10-12,55.200001
9874,2011-10-13,55.02
9875,2011-10-14,55.459999
9876,2011-10-17,54.779999
9877,2011-10-18,55.889999
9878,2011-10-19,56.25
9879,2011-10-20,56.369999
9880,2011-10-21,56.919998
9881,2011-10-24,56.779999
9882,2011-10-25,56.709999
9883,2011-10-26,57.369999
9884,2011-10-27,57.810001
9885,2011-10-28,57.150002
9886,2011-10-31,56.720001
9887,2011-11-01,56.23
9888,2011-11-02,56.860001
9889,2011-11-03,57.419998
9890,2011-11-04,57.5
9891,2011-11-07,57.939999
9892,2011-11-08,59.32
9893,2011-11-09,58.049999
9894,2011-11-10,58.130001
9895,2011-11-11,59.200001
9896,2011-11-14,58.889999
9897,2011-11-15,57.459999
9898,2011-11-16,56.68
9899,2011-11-17,56.73
9900,2011-11-18,57.23
9901,2011-11-21,56.66
9902,2011-11-22,56.849998
9903,2011-11-23,56.639999
9904,2011-11-25,56.889999
9905,2011-11-28,57.25
9906,2011-11-29,58.169998
9907,2011-11-30,58.900002
9908,2011-12-01,58.610001
9909,2011-12-02,58.09
9910,2011-12-05,58.34
9911,2011-12-06,58.779999
9912,2011-12-07,58.509998
9913,2011-12-08,57.98
9914,2011-12-09,58.32
9915,2011-12-12,58.09
9916,2011-12-13,57.599998
9917,2011-12-14,57.650002
9918,2011-12-15,57.950001
9919,2011-12-16,58.27
9920,2011-12-19,57.779999
9921,2011-12-20,59.189999
9922,2011-12-21,59.389999
9923,2011-12-22,59.189999
9924,2011-12-23,59.990002
9925,2011-12-27,59.830002
9926,2011-12-28,59.73
9927,2011-12-29,59.990002
9928,2011-12-30,59.759998
9929,2012-01-03,60.330002
9930,2012-01-04,59.709999
9931,2012-01-05,59.419998
9932,2012-01-06,59.0
9933,2012-01-09,59.18
9934,2012-01-10,59.040001
9935,2012-01-11,59.400002
9936,2012-01-12,59.5
9937,2012-01-13,59.540001
9938,2012-01-17,59.849998
9939,2012-01-18,60.009998
9940,2012-01-19,60.610001
9941,2012-01-20,61.009998
9942,2012-01-23,60.91
9943,2012-01-24,61.389999
9944,2012-01-25,61.470001
9945,2012-01-26,60.970001
9946,2012-01-27,60.709999
9947,2012-01-30,61.299999
9948,2012-01-31,61.360001
9949,2012-02-01,62.18
9950,2012-02-02,61.939999
9951,2012-02-03,62.029999
9952,2012-02-06,61.880001
9953,2012-02-07,61.689999
9954,2012-02-08,61.619999
9955,2012-02-09,61.959999
9956,2012-02-10,61.900002
9957,2012-02-13,61.790001
9958,2012-02-14,62.220001
9959,2012-02-15,61.759998
9960,2012-02-16,62.040001
9961,2012-02-17,62.48
9962,2012-02-21,60.07
9963,2012-02-22,58.599998
9964,2012-02-23,58.540001
9965,2012-02-24,58.790001
9966,2012-02-27,58.459999
9967,2012-02-28,58.93
9968,2012-02-29,59.080002
9969,2012-03-01,58.82
9970,2012-03-02,59.009998
9971,2012-03-05,59.400002
9972,2012-03-06,58.970001
9973,2012-03-07,59.860001
9974,2012-03-08,59.77
9975,2012-03-09,60.080002
9976,2012-03-12,60.68
9977,2012-03-13,61.0
9978,2012-03-14,61.080002
9979,2012-03-15,61.23
9980,2012-03-16,60.84
9981,2012-03-19,60.740002
9982,2012-03-20,60.599998
9983,2012-03-21,60.560001
9984,2012-03-22,60.650002
9985,2012-03-23,60.75
9986,2012-03-26,61.200001
9987,2012-03-27,61.09
9988,2012-03-28,61.189999
9989,2012-03-29,60.82
9990,2012-03-30,61.200001
9991,2012-04-02,61.360001
9992,2012-04-03,60.650002
9993,2012-04-04,60.259998
9994,2012-04-05,60.669998
9995,2012-04-09,60.130001
9996,2012-04-10,59.93
9997,2012-04-11,59.799999
9998,2012-04-12,60.139999
9999,2012-04-13,59.77
10000,2012-04-16,60.580002
10001,2012-04-17,61.869999
10002,2012-04-18,62.060001
10003,2012-04-19,61.75
10004,2012-04-20,62.450001
10005,2012-04-23,59.540001
10006,2012-04-24,57.77
10007,2012-04-25,57.360001
10008,2012-04-26,58.950001
10009,2012-04-27,59.029999
10010,2012-04-30,58.91
10011,2012-05-01,59.07
10012,2012-05-02,59.009998
10013,2012-05-03,58.990002
10014,2012-05-04,58.700001
10015,2012-05-07,59.189999
10016,2012-05-08,59.049999
10017,2012-05-09,59.029999
10018,2012-05-10,59.189999
10019,2012-05-11,59.419998
10020,2012-05-14,59.07
10021,2012-05-15,59.349998
10022,2012-05-16,59.189999
10023,2012-05-17,61.68
10024,2012-05-18,62.43
10025,2012-05-21,63.040001
10026,2012-05-22,63.73
10027,2012-05-23,64.580002
10028,2012-05-24,65.07
10029,2012-05-25,65.309998
10030,2012-05-29,65.68
10031,2012-05-30,65.440002
10032,2012-05-31,65.82
10033,2012-06-01,65.550003
10034,2012-06-04,65.989998
10035,2012-06-05,65.5
10036,2012-06-06,65.93
10037,2012-06-07,65.870003
10038,2012-06-08,68.220001
10039,2012-06-11,67.529999
10040,2012-06-12,67.720001
10041,2012-06-13,67.07
10042,2012-06-14,67.629997
10043,2012-06-15,67.75
10044,2012-06-18,68.120003
10045,2012-06-19,67.809998
10046,2012-06-20,68.519997
10047,2012-06-21,67.699997
10048,2012-06-22,67.300003
10049,2012-06-25,68.18
10050,2012-06-26,68.580002
10051,2012-06-27,68.589996
10052,2012-06-28,68.300003
10053,2012-06-29,69.720001
10054,2012-07-02,69.349998
10055,2012-07-03,70.75
10056,2012-07-05,71.080002
10057,2012-07-06,71.360001
10058,2012-07-09,71.760002
10059,2012-07-10,72.110001
10060,2012-07-11,72.260002
10061,2012-07-12,72.309998
10062,2012-07-13,73.18
10063,2012-07-16,72.980003
10064,2012-07-17,73.099998
10065,2012-07-18,72.849998
10066,2012-07-19,71.529999
10067,2012-07-20,72.25
10068,2012-07-23,71.849998
10069,2012-07-24,72.139999
10070,2012-07-25,72.080002
10071,2012-07-26,73.669998
10072,2012-07-27,74.519997
10073,2012-07-30,74.980003
10074,2012-07-31,74.43
10075,2012-08-01,73.620003
10076,2012-08-02,74.050003
10077,2012-08-03,74.550003
10078,2012-08-06,74.279999
10079,2012-08-07,73.989998
10080,2012-08-08,74.309998
10081,2012-08-09,73.849998
10082,2012-08-10,73.68
10083,2012-08-13,73.400002
10084,2012-08-14,74.010002
10085,2012-08-15,74.449997
10086,2012-08-16,72.150002
10087,2012-08-17,71.989998
10088,2012-08-20,72.300003
10089,2012-08-21,71.43
10090,2012-08-22,71.769997
10091,2012-08-23,71.559998
10092,2012-08-24,72.110001
10093,2012-08-27,72.5
10094,2012-08-28,72.410004
10095,2012-08-29,72.769997
10096,2012-08-30,72.25
10097,2012-08-31,72.599998
10098,2012-09-04,73.510002
10099,2012-09-05,73.550003
10100,2012-09-06,74.809998
10101,2012-09-07,73.82
10102,2012-09-10,73.510002
10103,2012-09-11,74.059998
10104,2012-09-12,74.07
10105,2012-09-13,75.139999
10106,2012-09-14,74.5
10107,2012-09-17,73.989998
10108,2012-09-18,73.949997
10109,2012-09-19,74.370003
10110,2012-09-20,74.75
10111,2012-09-21,74.449997
10112,2012-09-24,74.739998
10113,2012-09-25,74.260002
10114,2012-09-26,74.190002
10115,2012-09-27,73.980003
10116,2012-09-28,73.800003
10117,2012-10-01,74.050003
10118,2012-10-02,73.75
10119,2012-10-03,74.199997
10120,2012-10-04,74.720001
10121,2012-10-05,75.129997
10122,2012-10-08,75.25
10123,2012-10-09,74.139999
10124,2012-10-10,75.419998
10125,2012-10-11,75.010002
10126,2012-10-12,75.809998
10127,2012-10-15,77.150002
10128,2012-10-16,76.910004
10129,2012-10-17,77.029999
10130,2012-10-18,76.559998
10131,2012-10-19,75.620003
10132,2012-10-22,75.650002
10133,2012-10-23,74.760002
10134,2012-10-24,74.82
10135,2012-10-25,75.32
10136,2012-10-26,75.110001
10137,2012-10-31,75.019997
10138,2012-11-01,73.449997
10139,2012-11-02,72.769997
10140,2012-11-05,73.139999
10141,2012-11-06,73.760002
10142,2012-11-07,73.110001
10143,2012-11-08,72.480003
10144,2012-11-09,72.309998
10145,2012-11-12,72.480003
10146,2012-11-13,71.809998
10147,2012-11-14,71.309998
10148,2012-11-15,68.720001
10149,2012-11-16,68.029999
10150,2012-11-19,69.019997
10151,2012-11-20,69.0
10152,2012-11-21,68.889999
10153,2012-11-23,70.199997
10154,2012-11-26,69.910004
10155,2012-11-27,69.5
10156,2012-11-28,70.559998
10157,2012-11-29,70.830002
10158,2012-11-30,72.019997
10159,2012-12-03,71.339996
10160,2012-12-04,72.120003
10161,2012-12-05,71.650002
10162,2012-12-06,71.589996
10163,2012-12-07,72.290001
10164,2012-12-10,72.150002
10165,2012-12-11,70.889999
10166,2012-12-12,68.940002
10167,2012-12-13,69.040001
10168,2012-12-14,68.75
10169,2012-12-17,69.199997
10170,2012-12-18,69.5
10171,2012-12-19,68.519997
10172,2012-12-20,69.0
10173,2012-12-21,68.650002
10174,2012-12-24,68.57
10175,2012-12-26,67.989998
10176,2012-12-27,68.190002
10177,2012-12-28,67.610001
10178,2012-12-31,68.230003
10179,2013-01-02,69.239998
10180,2013-01-03,68.800003
10181,2013-01-04,69.059998
10182,2013-01-07,68.400002
10183,2013-01-08,68.589996
10184,2013-01-09,68.57
10185,2013-01-10,68.360001
10186,2013-01-11,68.629997
10187,2013-01-14,68.300003
10188,2013-01-15,68.980003
10189,2013-01-16,69.209999
10190,2013-01-17,68.849998
10191,2013-01-18,69.199997
10192,2013-01-22,69.580002
10193,2013-01-23,69.489998
10194,2013-01-24,69.790001
10195,2013-01-25,69.0
10196,2013-01-28,69.349998
10197,2013-01-29,69.889999
10198,2013-01-30,69.75
10199,2013-01-31,69.949997
10200,2013-02-01,70.489998
10201,2013-02-04,69.629997
10202,2013-02-05,70.769997
10203,2013-02-06,71.309998
10204,2013-02-07,71.230003
10205,2013-02-08,71.480003
10206,2013-02-11,71.400002
10207,2013-02-12,71.400002
10208,2013-02-13,71.389999
10209,2013-02-14,70.82
10210,2013-02-15,69.300003
10211,2013-02-19,68.760002
10212,2013-02-20,69.209999
10213,2013-02-21,70.260002
10214,2013-02-22,70.400002
10215,2013-02-25,70.440002
10216,2013-02-26,71.110001
10217,2013-02-27,71.660004
10218,2013-02-28,70.779999
10219,2013-03-01,71.739998
10220,2013-03-04,73.260002
10221,2013-03-05,73.720001
10222,2013-03-06,73.379997
10223,2013-03-07,73.32
10224,2013-03-08,73.029999
10225,2013-03-11,72.980003
10226,2013-03-12,73.599998
10227,2013-03-13,73.650002
10228,2013-03-14,73.220001
10229,2013-03-15,72.5
10230,2013-03-18,72.25
10231,2013-03-19,72.449997
10232,2013-03-20,72.989998
10233,2013-03-21,73.129997
10234,2013-03-22,74.279999
10235,2013-03-25,74.849998
10236,2013-03-26,74.769997
10237,2013-03-27,74.779999
10238,2013-03-28,74.830002
10239,2013-04-01,75.43
10240,2013-04-02,76.019997
10241,2013-04-03,76.0
10242,2013-04-04,76.199997
10243,2013-04-05,76.389999
10244,2013-04-08,77.290001
10245,2013-04-09,78.120003
10246,2013-04-10,77.370003
10247,2013-04-11,77.790001
10248,2013-04-12,78.559998
10249,2013-04-15,78.470001
10250,2013-04-16,78.68
10251,2013-04-17,78.510002
10252,2013-04-18,77.160004
10253,2013-04-19,78.290001
10254,2013-04-22,77.970001
10255,2013-04-23,79.089996
10256,2013-04-24,78.029999
10257,2013-04-25,78.650002
10258,2013-04-26,79.040001
10259,2013-04-29,78.389999
10260,2013-04-30,77.720001
10261,2013-05-01,78.059998
10262,2013-05-02,78.459999
10263,2013-05-03,79.25
10264,2013-05-06,78.830002
10265,2013-05-07,78.830002
10266,2013-05-08,78.25
10267,2013-05-09,78.400002
10268,2013-05-10,78.889999
10269,2013-05-13,78.5
10270,2013-05-14,78.779999
10271,2013-05-15,79.860001
10272,2013-05-16,78.5
10273,2013-05-17,77.870003
10274,2013-05-20,77.400002
10275,2013-05-21,77.389999
10276,2013-05-22,77.029999
10277,2013-05-23,76.330002
10278,2013-05-24,77.309998
10279,2013-05-28,77.32
10280,2013-05-29,76.230003
10281,2013-05-30,75.629997
10282,2013-05-31,74.839996
10283,2013-06-03,75.690002
10284,2013-06-04,75.940002
10285,2013-06-05,75.25
10286,2013-06-06,75.629997
10287,2013-06-07,76.330002
10288,2013-06-10,75.75
10289,2013-06-11,75.25
10290,2013-06-12,74.839996
10291,2013-06-13,75.0
10292,2013-06-14,74.870003
10293,2013-06-17,74.949997
10294,2013-06-18,75.730003
10295,2013-06-19,74.459999
10296,2013-06-20,73.029999
10297,2013-06-21,73.510002
10298,2013-06-24,74.199997
10299,2013-06-25,74.370003
10300,2013-06-26,75.010002
10301,2013-06-27,75.260002
10302,2013-06-28,74.489998
10303,2013-07-01,74.589996
10304,2013-07-02,74.709999
10305,2013-07-03,74.760002
10306,2013-07-05,75.209999
10307,2013-07-08,76.709999
10308,2013-07-09,77.029999
10309,2013-07-10,76.769997
10310,2013-07-11,77.629997
10311,2013-07-12,77.629997
10312,2013-07-15,77.029999
10313,2013-07-16,77.370003
10314,2013-07-17,77.199997
10315,2013-07-18,77.339996
10316,2013-07-19,78.080002
10317,2013-07-22,77.870003
10318,2013-07-23,78.550003
10319,2013-07-24,78.230003
10320,2013-07-25,78.010002
10321,2013-07-26,78.0
10322,2013-07-29,77.989998
10323,2013-07-30,77.889999
10324,2013-07-31,77.940002
10325,2013-08-01,78.220001
10326,2013-08-02,78.75
10327,2013-08-05,78.769997
10328,2013-08-06,77.870003
10329,2013-08-07,77.370003
10330,2013-08-08,77.25
10331,2013-08-09,76.900002
10332,2013-08-12,77.080002
10333,2013-08-13,76.860001
10334,2013-08-14,76.400002
10335,2013-08-15,74.410004
10336,2013-08-16,74.110001
10337,2013-08-19,73.580002
10338,2013-08-20,73.230003
10339,2013-08-21,73.550003
10340,2013-08-22,73.459999
10341,2013-08-23,73.440002
10342,2013-08-26,73.029999
10343,2013-08-27,72.860001
10344,2013-08-28,72.379997
10345,2013-08-29,72.43
10346,2013-08-30,72.980003
10347,2013-09-03,72.68
10348,2013-09-04,72.910004
10349,2013-09-05,72.669998
10350,2013-09-06,72.589996
10351,2013-09-09,73.510002
10352,2013-09-10,73.959999
10353,2013-09-11,74.050003
10354,2013-09-12,73.910004
10355,2013-09-13,74.360001
10356,2013-09-16,74.779999
10357,2013-09-17,75.150002
10358,2013-09-18,76.419998
10359,2013-09-19,76.209999
10360,2013-09-20,75.830002
10361,2013-09-23,76.419998
10362,2013-09-24,75.75
10363,2013-09-25,74.650002
10364,2013-09-26,74.620003
10365,2013-09-27,74.360001
10366,2013-09-30,73.959999
10367,2013-10-01,73.589996
10368,2013-10-02,73.720001
10369,2013-10-03,73.160004
10370,2013-10-04,72.800003
10371,2013-10-07,71.870003
10372,2013-10-08,72.900002
10373,2013-10-09,73.0
10374,2013-10-10,74.790001
10375,2013-10-11,74.82
10376,2013-10-14,74.68
10377,2013-10-15,74.370003
10378,2013-10-16,75.599998
10379,2013-10-17,75.779999
10380,2013-10-18,75.709999
10381,2013-10-21,75.150002
10382,2013-10-22,76.32
10383,2013-10-23,75.900002
10384,2013-10-24,76.419998
10385,2013-10-25,76.080002
10386,2013-10-28,77.139999
10387,2013-10-29,77.059998
10388,2013-10-30,76.910004
10389,2013-10-31,76.75
10390,2013-11-01,77.07
10391,2013-11-04,77.330002
10392,2013-11-05,77.419998
10393,2013-11-06,78.160004
10394,2013-11-07,77.510002
10395,2013-11-08,77.959999
10396,2013-11-11,79.010002
10397,2013-11-12,78.709999
10398,2013-11-13,78.900002
10399,2013-11-14,79.080002
10400,2013-11-15,79.220001
10401,2013-11-18,79.220001
10402,2013-11-19,79.25
10403,2013-11-20,78.900002
10404,2013-11-21,78.860001
10405,2013-11-22,79.809998
10406,2013-11-25,80.43
10407,2013-11-26,80.68
10408,2013-11-27,80.93
10409,2013-11-29,81.010002
10410,2013-12-02,81.110001
10411,2013-12-03,81.209999
10412,2013-12-04,80.220001
10413,2013-12-05,79.440002
10414,2013-12-06,79.940002
10415,2013-12-09,79.949997
10416,2013-12-10,79.080002
10417,2013-12-11,79.089996
10418,2013-12-12,78.5
10419,2013-12-13,78.080002
10420,2013-12-16,77.739998
10421,2013-12-17,77.25
10422,2013-12-18,77.940002
10423,2013-12-19,77.239998
10424,2013-12-20,77.43
10425,2013-12-23,77.870003
10426,2013-12-24,78.010002
10427,2013-12-26,78.389999
10428,2013-12-27,78.470001
10429,2013-12-30,78.629997
10430,2013-12-31,78.690002
10431,2014-01-02,78.910004
10432,2014-01-03,78.650002
10433,2014-01-06,78.209999
10434,2014-01-07,78.449997
10435,2014-01-08,77.830002
10436,2014-01-09,78.089996
10437,2014-01-10,78.040001
10438,2014-01-13,77.489998
10439,2014-01-14,77.959999
10440,2014-01-15,77.660004
10441,2014-01-16,76.760002
10442,2014-01-17,76.190002
10443,2014-01-21,75.839996
10444,2014-01-22,75.349998
10445,2014-01-23,74.959999
10446,2014-01-24,74.419998
10447,2014-01-27,74.150002
10448,2014-01-28,74.669998
10449,2014-01-29,74.099998
10450,2014-01-30,74.75
10451,2014-01-31,74.68
10452,2014-02-03,72.660004
10453,2014-02-04,72.730003
10454,2014-02-05,72.870003
10455,2014-02-06,72.82
10456,2014-02-07,73.75
10457,2014-02-10,73.760002
10458,2014-02-11,74.800003
10459,2014-02-12,74.959999
10460,2014-02-13,75.360001
10461,2014-02-14,75.790001
10462,2014-02-18,75.330002
10463,2014-02-19,74.849998
10464,2014-02-20,73.519997
10465,2014-02-21,73.120003
10466,2014-02-24,73.349998
10467,2014-02-25,73.349998
10468,2014-02-26,74.779999
10469,2014-02-27,74.559998
10470,2014-02-28,74.699997
10471,2014-03-03,74.120003
10472,2014-03-04,75.129997
10473,2014-03-05,74.800003
10474,2014-03-06,74.879997
10475,2014-03-07,74.580002
10476,2014-03-10,74.43
10477,2014-03-11,74.919998
10478,2014-03-12,75.529999
10479,2014-03-13,74.93
10480,2014-03-14,74.279999
10481,2014-03-17,74.68
10482,2014-03-18,74.769997
10483,2014-03-19,74.379997
10484,2014-03-20,75.379997
10485,2014-03-21,76.099998
10486,2014-03-24,76.760002
10487,2014-03-25,76.870003
10488,2014-03-26,76.230003
10489,2014-03-27,76.139999
10490,2014-03-28,76.010002
10491,2014-03-31,76.43
10492,2014-04-01,76.769997
10493,2014-04-02,77.18
10494,2014-04-03,77.459999
10495,2014-04-04,77.309998
10496,2014-04-07,77.309998
10497,2014-04-08,78.18
10498,2014-04-09,77.970001
10499,2014-04-10,76.889999
10500,2014-04-11,76.5
10501,2014-04-14,77.379997
10502,2014-04-15,76.879997
10503,2014-04-16,77.220001
10504,2014-04-17,77.660004
10505,2014-04-21,77.599998
10506,2014-04-22,77.559998
10507,2014-04-23,78.040001
10508,2014-04-24,78.309998
10509,2014-04-25,78.620003
10510,2014-04-28,79.760002
10511,2014-04-29,79.669998
10512,2014-04-30,79.709999
10513,2014-05-01,79.699997
10514,2014-05-02,79.120003
10515,2014-05-05,78.620003
10516,2014-05-06,78.010002
10517,2014-05-07,77.959999
10518,2014-05-08,78.690002
10519,2014-05-09,79.199997
10520,2014-05-12,79.150002
10521,2014-05-13,79.139999
10522,2014-05-14,78.739998
10523,2014-05-15,76.830002
10524,2014-05-16,77.010002
10525,2014-05-19,76.610001
10526,2014-05-20,75.690002
10527,2014-05-21,75.660004
10528,2014-05-22,75.389999
10529,2014-05-23,75.610001
10530,2014-05-27,75.589996
10531,2014-05-28,75.529999
10532,2014-05-29,75.980003
10533,2014-05-30,76.769997
10534,2014-06-02,76.760002
10535,2014-06-03,76.709999
10536,2014-06-04,77.129997
10537,2014-06-05,77.32
10538,2014-06-06,77.209999
10539,2014-06-09,77.010002
10540,2014-06-10,76.620003
10541,2014-06-11,76.160004
10542,2014-06-12,75.730003
10543,2014-06-13,75.279999
10544,2014-06-16,75.339996
10545,2014-06-17,74.989998
10546,2014-06-18,75.699997
10547,2014-06-19,75.870003
10548,2014-06-20,75.68
10549,2014-06-23,75.790001
10550,2014-06-24,75.970001
10551,2014-06-25,75.620003
10552,2014-06-26,74.910004
10553,2014-06-27,75.339996
10554,2014-06-30,75.07
10555,2014-07-01,75.279999
10556,2014-07-02,75.620003
10557,2014-07-03,75.75
10558,2014-07-07,76.07
10559,2014-07-08,76.650002
10560,2014-07-09,77.209999
10561,2014-07-10,77.059998
10562,2014-07-11,76.82
10563,2014-07-14,76.550003
10564,2014-07-15,76.839996
10565,2014-07-16,76.860001
10566,2014-07-17,76.610001
10567,2014-07-18,77.089996
10568,2014-07-21,76.769997
10569,2014-07-22,76.639999
10570,2014-07-23,76.989998
10571,2014-07-24,76.349998
10572,2014-07-25,75.970001
10573,2014-07-28,75.709999
10574,2014-07-29,75.440002
10575,2014-07-30,74.779999
10576,2014-07-31,73.580002
10577,2014-08-01,73.540001
10578,2014-08-04,73.540001
10579,2014-08-05,73.339996
10580,2014-08-06,74.199997
10581,2014-08-07,73.949997
10582,2014-08-08,74.669998
10583,2014-08-11,74.360001
10584,2014-08-12,74.220001
10585,2014-08-13,74.029999
10586,2014-08-14,74.389999
10587,2014-08-15,73.900002
10588,2014-08-18,74.489998
10589,2014-08-19,74.879997
10590,2014-08-20,74.959999
10591,2014-08-21,75.550003
10592,2014-08-22,75.730003
10593,2014-08-25,75.690002
10594,2014-08-26,75.519997
10595,2014-08-27,75.849998
10596,2014-08-28,75.900002
10597,2014-08-29,75.5
10598,2014-09-02,75.75
10599,2014-09-03,76.010002
10600,2014-09-04,76.559998
10601,2014-09-05,77.510002
10602,2014-09-08,76.529999
10603,2014-09-09,76.739998
10604,2014-09-10,76.510002
10605,2014-09-11,76.099998
10606,2014-09-12,75.769997
10607,2014-09-15,75.809998
10608,2014-09-16,76.32
10609,2014-09-17,76.239998
10610,2014-09-18,76.220001
10611,2014-09-19,76.839996
10612,2014-09-22,76.309998
10613,2014-09-23,75.599998
10614,2014-09-24,77.080002
10615,2014-09-25,76.120003
10616,2014-09-26,76.489998
10617,2014-09-29,76.080002
10618,2014-09-30,76.470001
10619,2014-10-01,76.120003
10620,2014-10-02,76.230003
10621,2014-10-03,77.32
10622,2014-10-06,77.349998
10623,2014-10-07,77.300003
10624,2014-10-08,78.239998
10625,2014-10-09,77.860001
10626,2014-10-10,78.290001
10627,2014-10-13,77.559998
10628,2014-10-14,77.980003
10629,2014-10-15,75.199997
10630,2014-10-16,73.82
10631,2014-10-17,74.099998
10632,2014-10-20,75.139999
10633,2014-10-21,76.019997
10634,2014-10-22,76.029999
10635,2014-10-23,76.25
10636,2014-10-24,76.379997
10637,2014-10-27,76.589996
10638,2014-10-28,76.349998
10639,2014-10-29,76.389999
10640,2014-10-30,76.449997
10641,2014-10-31,76.269997
10642,2014-11-03,76.279999
10643,2014-11-04,77.260002
10644,2014-11-05,77.699997
10645,2014-11-06,77.809998
10646,2014-11-07,78.769997
10647,2014-11-10,79.440002
10648,2014-11-11,79.010002
10649,2014-11-12,79.199997
10650,2014-11-13,82.940002
10651,2014-11-14,82.959999
10652,2014-11-17,83.57
10653,2014-11-18,83.790001
10654,2014-11-19,84.989998
10655,2014-11-20,84.580002
10656,2014-11-21,84.650002
10657,2014-11-24,85.400002
10658,2014-11-25,84.949997
10659,2014-11-26,84.980003
10660,2014-11-28,87.540001
10661,2014-12-01,86.220001
10662,2014-12-02,86.400002
10663,2014-12-03,84.940002
10664,2014-12-04,84.760002
10665,2014-12-05,84.120003
10666,2014-12-08,84.230003
10667,2014-12-09,83.559998
10668,2014-12-10,82.980003
10669,2014-12-11,83.830002
10670,2014-12-12,83.809998
10671,2014-12-15,83.940002
10672,2014-12-16,82.959999
10673,2014-12-17,84.230003
10674,2014-12-18,85.940002
10675,2014-12-19,85.160004
10676,2014-12-22,86.379997
10677,2014-12-23,86.660004
10678,2014-12-24,86.43
10679,2014-12-26,86.910004
10680,2014-12-29,86.639999
10681,2014-12-30,86.790001
10682,2014-12-31,85.879997
10683,2015-01-02,85.900002
10684,2015-01-05,85.650002
10685,2015-01-06,86.309998
10686,2015-01-07,88.599998
10687,2015-01-08,90.470001
10688,2015-01-09,89.349998
10689,2015-01-12,90.019997
10690,2015-01-13,89.309998
10691,2015-01-14,86.610001
10692,2015-01-15,87.379997
10693,2015-01-16,86.769997
10694,2015-01-20,86.690002
10695,2015-01-21,86.639999
10696,2015-01-22,88.300003
10697,2015-01-23,88.510002
10698,2015-01-26,88.629997
10699,2015-01-27,87.529999
10700,2015-01-28,86.82
10701,2015-01-29,87.720001
10702,2015-01-30,84.980003
10703,2015-02-02,85.709999
10704,2015-02-03,86.190002
10705,2015-02-04,86.650002
10706,2015-02-05,87.279999
10707,2015-02-06,87.330002
10708,2015-02-09,85.910004
10709,2015-02-10,87.290001
10710,2015-02-11,86.339996
10711,2015-02-12,85.889999
10712,2015-02-13,85.809998
10713,2015-02-17,85.959999
10714,2015-02-18,86.290001
10715,2015-02-19,83.519997
10716,2015-02-20,84.300003
10717,2015-02-23,84.599998
10718,2015-02-24,84.57
10719,2015-02-25,83.57
10720,2015-02-26,83.800003
10721,2015-02-27,83.93
10722,2015-03-02,83.959999
10723,2015-03-03,83.370003
10724,2015-03-04,82.580002
10725,2015-03-05,83.57
10726,2015-03-06,82.589996
10727,2015-03-09,82.879997
10728,2015-03-10,82.07
10729,2015-03-11,80.690002
10730,2015-03-12,81.900002
10731,2015-03-13,81.900002
10732,2015-03-16,83.290001
10733,2015-03-17,82.620003
10734,2015-03-18,82.529999
10735,2015-03-19,81.519997
10736,2015-03-20,83.239998
10737,2015-03-23,83.309998
10738,2015-03-24,83.050003
10739,2015-03-25,81.32
10740,2015-03-26,81.889999
10741,2015-03-27,81.349998
10742,2015-03-30,82.529999
10743,2015-03-31,82.25
10744,2015-04-01,80.709999
10745,2015-04-02,80.730003
10746,2015-04-06,80.989998
10747,2015-04-07,80.5
10748,2015-04-08,81.029999
10749,2015-04-09,80.839996
10750,2015-04-10,80.650002
10751,2015-04-13,80.290001
10752,2015-04-14,80.150002
10753,2015-04-15,79.739998
10754,2015-04-16,79.239998
10755,2015-04-17,77.879997
10756,2015-04-20,78.139999
10757,2015-04-21,78.029999
10758,2015-04-22,78.43
10759,2015-04-23,79.18
10760,2015-04-24,79.839996
10761,2015-04-27,79.370003
10762,2015-04-28,79.099998
10763,2015-04-29,77.879997
10764,2015-04-30,78.050003
10765,2015-05-01,78.599998
10766,2015-05-04,79.18
10767,2015-05-05,78.129997
10768,2015-05-06,77.650002
10769,2015-05-07,78.029999
10770,2015-05-08,78.529999
10771,2015-05-11,78.099998
10772,2015-05-12,78.959999
10773,2015-05-13,78.160004
10774,2015-05-14,78.720001
10775,2015-05-15,79.239998
10776,2015-05-18,79.919998
10777,2015-05-19,76.43
10778,2015-05-20,75.900002
10779,2015-05-21,76.110001
10780,2015-05-22,75.860001
10781,2015-05-26,74.900002
10782,2015-05-27,75.190002
10783,2015-05-28,74.839996
10784,2015-05-29,74.269997
10785,2015-06-01,74.730003
10786,2015-06-02,74.529999
10787,2015-06-03,74.889999
10788,2015-06-04,74.150002
10789,2015-06-05,73.059998
10790,2015-06-08,72.610001
10791,2015-06-09,72.470001
10792,2015-06-10,72.93
10793,2015-06-11,72.940002
10794,2015-06-12,72.43
10795,2015-06-15,71.93
10796,2015-06-16,72.349998
10797,2015-06-17,72.730003
10798,2015-06-18,72.980003
10799,2015-06-19,72.739998
10800,2015-06-22,72.790001
10801,2015-06-23,72.57
10802,2015-06-24,72.379997
10803,2015-06-25,71.860001
10804,2015-06-26,72.120003
10805,2015-06-29,71.419998
10806,2015-06-30,70.93
10807,2015-07-01,71.879997
10808,2015-07-02,71.860001
10809,2015-07-06,72.529999
10810,2015-07-07,73.790001
10811,2015-07-08,73.059998
10812,2015-07-09,72.779999
10813,2015-07-10,73.120003
10814,2015-07-13,73.879997
10815,2015-07-14,73.790001
10816,2015-07-15,73.650002
10817,2015-07-16,73.830002
10818,2015-07-17,73.389999
10819,2015-07-20,73.099998
10820,2015-07-21,72.739998
10821,2015-07-22,73.160004
10822,2015-07-23,72.510002
10823,2015-07-24,71.580002
10824,2015-07-27,71.379997
10825,2015-07-28,72.099998
10826,2015-07-29,72.230003
10827,2015-07-30,72.160004
10828,2015-07-31,71.980003
10829,2015-08-03,72.18
10830,2015-08-04,72.25
10831,2015-08-05,73.510002
10832,2015-08-06,72.790001
10833,2015-08-07,71.25
10834,2015-08-10,71.480003
10835,2015-08-11,71.93
10836,2015-08-12,72.580002
10837,2015-08-13,72.110001
10838,2015-08-14,72.379997
10839,2015-08-17,71.910004
10840,2015-08-18,69.480003
10841,2015-08-19,68.57
10842,2015-08-20,68.43
10843,2015-08-21,66.540001
10844,2015-08-24,63.950001
10845,2015-08-25,63.099998
10846,2015-08-26,64.830002
10847,2015-08-27,66.080002
10848,2015-08-28,64.940002
10849,2015-08-31,64.730003
10850,2015-09-01,63.82
10851,2015-09-02,64.440002
10852,2015-09-03,64.860001
10853,2015-09-04,63.889999
10854,2015-09-08,66.379997
10855,2015-09-09,65.120003
10856,2015-09-10,64.120003
10857,2015-09-11,64.650002
10858,2015-09-14,64.279999
10859,2015-09-15,64.32
10860,2015-09-16,64.690002
10861,2015-09-17,64.470001
10862,2015-09-18,63.34
10863,2015-09-21,63.720001
10864,2015-09-22,63.59
10865,2015-09-23,63.720001
10866,2015-09-24,63.830002
10867,2015-09-25,63.779999
10868,2015-09-28,63.66
10869,2015-09-29,63.779999
10870,2015-09-30,64.839996
10871,2015-10-01,64.269997
10872,2015-10-02,64.980003
10873,2015-10-05,65.870003
10874,2015-10-06,65.68
10875,2015-10-07,66.360001
10876,2015-10-08,66.879997
10877,2015-10-09,66.690002
10878,2015-10-12,66.93
10879,2015-10-13,66.730003
10880,2015-10-14,60.029999
10881,2015-10-15,59.330002
10882,2015-10-16,58.889999
10883,2015-10-19,58.849998
10884,2015-10-20,58.75
10885,2015-10-21,58.639999
10886,2015-10-22,58.900002
10887,2015-10-23,58.299999
10888,2015-10-26,58.02
10889,2015-10-27,57.48
10890,2015-10-28,57.639999
10891,2015-10-29,57.959999
10892,2015-10-30,57.240002
10893,2015-11-02,57.610001
10894,2015-11-03,58.110001
10895,2015-11-04,58.369999
10896,2015-11-05,58.610001
10897,2015-11-06,58.779999
10898,2015-11-09,58.490002
10899,2015-11-10,58.68
10900,2015-11-11,57.580002
10901,2015-11-12,56.950001
10902,2015-11-13,56.419998
10903,2015-11-16,57.869999
10904,2015-11-17,59.919998
10905,2015-11-18,60.93
10906,2015-11-19,60.700001
10907,2015-11-20,60.07
10908,2015-11-23,60.259998
10909,2015-11-24,59.919998
10910,2015-11-25,60.240002
10911,2015-11-27,59.889999
10912,2015-11-30,58.84
10913,2015-12-01,58.990002
10914,2015-12-02,58.349998
10915,2015-12-03,59.040001
10916,2015-12-04,59.66
10917,2015-12-07,60.5
10918,2015-12-08,59.610001
10919,2015-12-09,59.130001
10920,2015-12-10,59.560001
10921,2015-12-11,59.360001
10922,2015-12-14,60.389999
10923,2015-12-15,59.639999
10924,2015-12-16,60.299999
10925,2015-12-17,58.98
10926,2015-12-18,58.849998
10927,2015-12-21,59.549999
10928,2015-12-22,60.540001
10929,2015-12-23,61.09
10930,2015-12-24,60.830002
10931,2015-12-28,60.75
10932,2015-12-29,61.610001
10933,2015-12-30,61.68
10934,2015-12-31,61.299999
10935,2016-01-04,61.459999
10936,2016-01-05,62.919998
10937,2016-01-06,63.549999
10938,2016-01-07,65.029999
10939,2016-01-08,63.540001
10940,2016-01-11,64.220001
10941,2016-01-12,63.619999
10942,2016-01-13,61.919998
10943,2016-01-14,63.060001
10944,2016-01-15,61.93
10945,2016-01-19,62.560001
10946,2016-01-20,60.84
10947,2016-01-21,61.880001
10948,2016-01-22,62.689999
10949,2016-01-25,63.450001
10950,2016-01-26,64.0
10951,2016-01-27,63.950001
10952,2016-01-28,64.220001
10953,2016-01-29,66.360001
10954,2016-02-01,67.5
10955,2016-02-02,66.860001
10956,2016-02-03,66.269997
10957,2016-02-04,66.419998
10958,2016-02-05,67.0
10959,2016-02-08,66.900002
10960,2016-02-09,65.809998
10961,2016-02-10,65.790001
10962,2016-02-11,65.32
10963,2016-02-12,66.18
10964,2016-02-16,65.900002
10965,2016-02-17,66.110001
10966,2016-02-18,64.120003
10967,2016-02-19,64.660004
10968,2016-02-22,65.629997
10969,2016-02-23,66.480003
10970,2016-02-24,67.120003
10971,2016-02-25,68.040001
10972,2016-02-26,66.510002
10973,2016-02-29,66.339996
10974,2016-03-01,66.459999
10975,2016-03-02,66.209999
10976,2016-03-03,66.139999
10977,2016-03-04,66.779999
10978,2016-03-07,67.889999
10979,2016-03-08,68.040001
10980,2016-03-09,67.529999
10981,2016-03-10,67.410004
10982,2016-03-11,67.169998
10983,2016-03-14,67.360001
10984,2016-03-15,68.089996
10985,2016-03-16,67.989998
10986,2016-03-17,67.449997
10987,2016-03-18,66.949997
10988,2016-03-21,67.970001
10989,2016-03-22,67.870003
10990,2016-03-23,67.459999
10991,2016-03-24,68.0
10992,2016-03-28,68.120003
10993,2016-03-29,68.029999
10994,2016-03-30,68.800003
10995,2016-03-31,68.489998
10996,2016-04-01,69.059998
10997,2016-04-04,69.099998
10998,2016-04-05,68.639999
10999,2016-04-06,69.040001
11000,2016-04-07,68.220001
11001,2016-04-08,68.059998
11002,2016-04-11,67.400002
11003,2016-04-12,68.800003
11004,2016-04-13,69.150002
11005,2016-04-14,68.800003
11006,2016-04-15,69.059998
11007,2016-04-18,69.860001
11008,2016-04-19,69.769997
11009,2016-04-20,69.209999
11010,2016-04-21,68.470001
11011,2016-04-22,68.720001
11012,2016-04-25,69.470001
11013,2016-04-26,69.300003
11014,2016-04-27,69.419998
11015,2016-04-28,68.910004
11016,2016-04-29,66.870003
11017,2016-05-02,67.589996
11018,2016-05-03,67.0
11019,2016-05-04,67.190002
11020,2016-05-05,67.209999
11021,2016-05-06,68.25
11022,2016-05-09,68.949997
11023,2016-05-10,68.790001
11024,2016-05-11,66.410004
11025,2016-05-12,66.849998
11026,2016-05-13,64.940002
11027,2016-05-16,66.019997
11028,2016-05-17,65.099998
11029,2016-05-18,63.150002
11030,2016-05-19,69.199997
11031,2016-05-20,69.860001
11032,2016-05-23,69.5
11033,2016-05-24,70.239998
11034,2016-05-25,70.480003
11035,2016-05-26,70.849998
11036,2016-05-27,70.75
11037,2016-05-31,70.779999
11038,2016-06-01,70.5
11039,2016-06-02,70.949997
11040,2016-06-03,70.870003
11041,2016-06-06,71.050003
11042,2016-06-07,71.029999
11043,2016-06-08,71.279999
11044,2016-06-09,71.089996
11045,2016-06-10,71.139999
11046,2016-06-13,70.529999
11047,2016-06-14,70.949997
11048,2016-06-15,71.120003
11049,2016-06-16,71.300003
11050,2016-06-17,70.949997
11051,2016-06-20,71.099998
11052,2016-06-21,71.459999
11053,2016-06-22,71.75
11054,2016-06-23,72.099998
11055,2016-06-24,71.959999
11056,2016-06-27,71.5
11057,2016-06-28,71.510002
11058,2016-06-29,72.459999
11059,2016-06-30,73.019997
11060,2016-07-01,72.809998
11061,2016-07-05,73.139999
11062,2016-07-06,73.82
11063,2016-07-07,73.529999
11064,2016-07-08,73.839996
11065,2016-07-11,74.059998
11066,2016-07-12,73.269997
11067,2016-07-13,73.620003
11068,2016-07-14,73.699997
11069,2016-07-15,73.669998
11070,2016-07-18,73.839996
11071,2016-07-19,73.660004
11072,2016-07-20,73.790001
11073,2016-07-21,73.519997
11074,2016-07-22,73.550003
11075,2016-07-25,73.75
11076,2016-07-26,73.730003
11077,2016-07-27,73.32
11078,2016-07-28,73.239998
11079,2016-07-29,72.970001
11080,2016-08-01,73.779999
11081,2016-08-02,73.129997
11082,2016-08-03,72.940002
11083,2016-08-04,73.300003
11084,2016-08-05,73.760002
11085,2016-08-08,73.339996
11086,2016-08-09,73.540001
11087,2016-08-10,73.949997
11088,2016-08-11,73.800003
11089,2016-08-12,73.889999
11090,2016-08-15,73.32
11091,2016-08-16,72.889999
11092,2016-08-17,72.93
11093,2016-08-18,74.300003
11094,2016-08-19,72.809998
11095,2016-08-22,72.699997
11096,2016-08-23,71.970001
11097,2016-08-24,72.230003
11098,2016-08-25,71.220001
11099,2016-08-26,71.139999
11100,2016-08-29,71.400002
11101,2016-08-30,71.309998
11102,2016-08-31,71.440002
11103,2016-09-01,72.839996
11104,2016-09-02,72.5
11105,2016-09-06,73.0
11106,2016-09-07,72.059998
11107,2016-09-08,71.830002
11108,2016-09-09,70.300003
11109,2016-09-12,71.940002
11110,2016-09-13,71.459999
11111,2016-09-14,71.519997
11112,2016-09-15,72.400002
11113,2016-09-16,72.870003
11114,2016-09-19,72.089996
11115,2016-09-20,71.970001
11116,2016-09-21,72.190002
11117,2016-09-22,72.269997
11118,2016-09-23,72.349998
11119,2016-09-26,71.620003
11120,2016-09-27,72.330002
11121,2016-09-28,71.790001
11122,2016-09-29,70.730003
11123,2016-09-30,72.120003
11124,2016-10-03,72.010002
11125,2016-10-04,71.75
11126,2016-10-05,71.669998
11127,2016-10-06,69.360001
11128,2016-10-07,68.699997
11129,2016-10-10,67.980003
11130,2016-10-11,67.389999
11131,2016-10-12,67.459999
11132,2016-10-13,68.230003
11133,2016-10-14,68.449997
11134,2016-10-17,68.220001
11135,2016-10-18,68.870003
11136,2016-10-19,68.889999
11137,2016-10-20,68.730003
11138,2016-10-21,68.339996
11139,2016-10-24,69.190002
11140,2016-10-25,69.360001
11141,2016-10-26,69.589996
11142,2016-10-27,69.830002
11143,2016-10-28,69.989998
11144,2016-10-31,70.019997
11145,2016-11-01,69.300003
11146,2016-11-02,69.449997
11147,2016-11-03,69.629997
11148,2016-11-04,69.160004
11149,2016-11-07,69.779999
11150,2016-11-08,69.790001
11151,2016-11-09,71.099998
11152,2016-11-10,71.389999
11153,2016-11-11,71.230003
11154,2016-11-14,70.489998
11155,2016-11-15,71.419998
11156,2016-11-16,71.389999
11157,2016-11-17,69.190002
11158,2016-11-18,68.540001
11159,2016-11-21,69.370003
11160,2016-11-22,70.120003
11161,2016-11-23,70.830002
11162,2016-11-25,71.230003
11163,2016-11-28,71.190002
11164,2016-11-29,71.370003
11165,2016-11-30,70.43
11166,2016-12-01,70.669998
11167,2016-12-02,70.879997
11168,2016-12-05,69.940002
11169,2016-12-06,70.360001
11170,2016-12-07,70.599998
11171,2016-12-08,70.339996
11172,2016-12-09,70.080002
11173,2016-12-12,71.669998
11174,2016-12-13,71.800003
11175,2016-12-14,71.339996
11176,2016-12-15,71.080002
11177,2016-12-16,70.980003
11178,2016-12-19,71.580002
11179,2016-12-20,71.82
11180,2016-12-21,71.239998
11181,2016-12-22,69.589996
11182,2016-12-23,69.540001
11183,2016-12-27,69.699997
11184,2016-12-28,69.309998
11185,2016-12-29,69.260002
11186,2016-12-30,69.120003
11187,2017-01-03,68.660004
11188,2017-01-04,69.059998
11189,2017-01-05,69.209999
11190,2017-01-06,68.260002
11191,2017-01-09,68.709999
11192,2017-01-10,68.230003
11193,2017-01-11,68.529999
11194,2017-01-12,67.970001
11195,2017-01-13,67.129997
11196,2017-01-17,68.419998
11197,2017-01-18,68.110001
11198,2017-01-19,67.620003
11199,2017-01-20,67.18
11200,2017-01-23,66.650002
11201,2017-01-24,67.400002
11202,2017-01-25,66.889999
11203,2017-01-26,66.730003
11204,2017-01-27,65.660004
11205,2017-01-30,66.419998
11206,2017-01-31,66.739998
11207,2017-02-01,66.230003
11208,2017-02-02,66.699997
11209,2017-02-03,66.5
11210,2017-02-06,66.400002
11211,2017-02-07,66.889999
11212,2017-02-08,67.809998
11213,2017-02-09,69.080002
11214,2017-02-10,68.019997
11215,2017-02-13,67.769997
11216,2017-02-14,68.660004
11217,2017-02-15,68.690002
11218,2017-02-16,68.870003
11219,2017-02-17,69.370003
11220,2017-02-21,71.449997
11221,2017-02-22,71.709999
11222,2017-02-23,71.309998
11223,2017-02-24,72.389999
11224,2017-02-27,71.739998
11225,2017-02-28,70.93
11226,2017-03-01,70.449997
11227,2017-03-02,70.760002
11228,2017-03-03,70.029999
11229,2017-03-06,69.879997
11230,2017-03-07,69.870003
11231,2017-03-08,69.800003
11232,2017-03-09,69.860001
11233,2017-03-10,70.099998
11234,2017-03-13,69.949997
11235,2017-03-14,70.720001
11236,2017-03-15,70.580002
11237,2017-03-16,70.440002
11238,2017-03-17,69.889999
11239,2017-03-20,69.980003
11240,2017-03-21,69.900002
11241,2017-03-22,70.25
11242,2017-03-23,69.860001
11243,2017-03-24,69.610001
11244,2017-03-27,69.660004
11245,2017-03-28,70.32
11246,2017-03-29,70.739998
11247,2017-03-30,71.589996
11248,2017-03-31,72.080002
11249,2017-04-03,71.830002
11250,2017-04-04,72.010002
11251,2017-04-05,71.650002
11252,2017-04-06,71.43
11253,2017-04-07,72.900002
11254,2017-04-10,73.059998
11255,2017-04-11,73.43
11256,2017-04-12,73.440002
11257,2017-04-13,73.150002
11258,2017-04-17,73.489998
11259,2017-04-18,73.889999
11260,2017-04-19,74.07
11261,2017-04-20,74.800003
11262,2017-04-21,74.940002
11263,2017-04-24,74.779999
11264,2017-04-25,75.050003
11265,2017-04-26,75.43
11266,2017-04-27,75.440002
11267,2017-04-28,75.18
11268,2017-05-01,75.230003
11269,2017-05-02,75.519997
11270,2017-05-03,75.760002
11271,2017-05-04,76.339996
11272,2017-05-05,76.5
11273,2017-05-08,76.120003
11274,2017-05-09,76.720001
11275,2017-05-10,76.699997
11276,2017-05-11,76.129997
11277,2017-05-12,75.709999
11278,2017-05-15,76.290001
11279,2017-05-16,75.110001
11280,2017-05-17,75.120003
11281,2017-05-18,77.540001
11282,2017-05-19,78.769997
11283,2017-05-22,78.550003
11284,2017-05-23,78.489998
11285,2017-05-24,78.150002
11286,2017-05-25,78.309998
11287,2017-05-26,78.129997
11288,2017-05-30,78.150002
11289,2017-05-31,78.599998
11290,2017-06-01,79.809998
11291,2017-06-02,79.620003
11292,2017-06-05,80.260002
11293,2017-06-06,78.93
11294,2017-06-07,79.150002
11295,2017-06-08,78.93
11296,2017-06-09,79.419998
11297,2017-06-12,79.239998
11298,2017-06-13,79.519997
11299,2017-06-14,79.900002
11300,2017-06-15,78.910004
11301,2017-06-16,75.239998
11302,2017-06-19,75.5
11303,2017-06-20,75.540001
11304,2017-06-21,76.239998
11305,2017-06-22,75.519997
11306,2017-06-23,74.839996
11307,2017-06-26,75.5
11308,2017-06-27,76.010002
11309,2017-06-28,76.510002
11310,2017-06-29,75.93
11311,2017-06-30,75.68
11312,2017-07-03,75.360001
11313,2017-07-05,75.32
11314,2017-07-06,75.470001
11315,2017-07-07,75.330002
11316,2017-07-10,73.230003
11317,2017-07-11,73.470001
11318,2017-07-12,73.940002
11319,2017-07-13,75.050003
11320,2017-07-14,76.339996
11321,2017-07-17,76.370003
11322,2017-07-18,76.199997
11323,2017-07-19,75.870003
11324,2017-07-20,76.019997
11325,2017-07-21,76.150002
11326,2017-07-24,76.889999
11327,2017-07-25,78.519997
11328,2017-07-26,78.900002
11329,2017-07-27,79.779999
11330,2017-07-28,79.809998
11331,2017-07-31,79.989998
11332,2017-08-01,80.5
11333,2017-08-02,80.529999
11334,2017-08-03,80.870003
11335,2017-08-04,80.480003
11336,2017-08-07,81.279999
11337,2017-08-08,81.589996
11338,2017-08-09,81.610001
11339,2017-08-10,80.660004
11340,2017-08-11,80.400002
11341,2017-08-14,80.699997
11342,2017-08-15,80.769997
11343,2017-08-16,80.980003
11344,2017-08-17,79.699997
11345,2017-08-18,79.309998
11346,2017-08-21,79.709999
11347,2017-08-22,80.019997
11348,2017-08-23,79.959999
11349,2017-08-24,78.339996
11350,2017-08-25,78.629997
11351,2017-08-28,78.029999
11352,2017-08-29,78.769997
11353,2017-08-30,78.540001
11354,2017-08-31,78.07
11355,2017-09-01,78.370003
11356,2017-09-05,79.800003
11357,2017-09-06,80.080002
11358,2017-09-07,80.120003
11359,2017-09-08,78.879997
11360,2017-09-11,79.080002
11361,2017-09-12,79.610001
11362,2017-09-13,79.860001
11363,2017-09-14,79.68
11364,2017-09-15,80.379997
11365,2017-09-18,80.0
11366,2017-09-19,80.050003
11367,2017-09-20,80.5
11368,2017-09-21,80.010002
11369,2017-09-22,79.529999
11370,2017-09-25,79.150002
11371,2017-09-26,79.389999
11372,2017-09-27,79.290001
11373,2017-09-28,78.949997
11374,2017-09-29,78.139999
11375,2017-10-02,78.449997
11376,2017-10-03,79.220001
11377,2017-10-04,79.089996
11378,2017-10-05,79.410004
11379,2017-10-06,79.0
11380,2017-10-09,80.529999
11381,2017-10-10,84.129997
11382,2017-10-11,85.730003
11383,2017-10-12,86.099998
11384,2017-10-13,86.620003
11385,2017-10-16,85.739998
11386,2017-10-17,85.980003
11387,2017-10-18,86.220001
11388,2017-10-19,86.400002
11389,2017-10-20,87.440002
11390,2017-10-23,88.650002
11391,2017-10-24,87.980003
11392,2017-10-25,88.480003
11393,2017-10-26,88.620003
11394,2017-10-27,88.169998
11395,2017-10-30,86.949997
11396,2017-10-31,87.309998
11397,2017-11-01,87.940002
11398,2017-11-02,88.800003
11399,2017-11-03,89.68
11400,2017-11-06,88.699997
11401,2017-11-07,88.949997
11402,2017-11-08,90.260002
11403,2017-11-09,90.300003
11404,2017-11-10,90.919998
11405,2017-11-13,90.989998
11406,2017-11-14,91.089996
11407,2017-11-15,89.830002
11408,2017-11-16,99.620003
11409,2017-11-17,97.470001
11410,2017-11-20,97.480003
11411,2017-11-21,96.519997
11412,2017-11-22,96.410004
11413,2017-11-24,96.620003
11414,2017-11-27,96.620003
11415,2017-11-28,96.769997
11416,2017-11-29,97.559998
11417,2017-11-30,97.230003
11418,2017-12-01,97.349998
11419,2017-12-04,97.010002
11420,2017-12-05,97.830002
11421,2017-12-06,97.279999
11422,2017-12-07,96.779999
11423,2017-12-08,96.550003
11424,2017-12-11,96.93
11425,2017-12-12,96.699997
11426,2017-12-13,97.760002
11427,2017-12-14,97.129997
11428,2017-12-15,97.110001
11429,2017-12-18,97.900002
11430,2017-12-19,98.800003
11431,2017-12-20,98.75
11432,2017-12-21,98.059998
11433,2017-12-22,98.209999
11434,2017-12-26,99.160004
11435,2017-12-27,99.260002
11436,2017-12-28,99.400002
11437,2017-12-29,98.75
11438,2018-01-02,98.589996
11439,2018-01-03,99.449997
11440,2018-01-04,99.540001
11441,2018-01-05,100.129997
11442,2018-01-08,101.610001
11443,2018-01-09,100.389999
11444,2018-01-10,99.669998
11445,2018-01-11,100.019997
11446,2018-01-12,100.870003
11447,2018-01-16,100.690002
11448,2018-01-17,102.699997
11449,2018-01-18,104.300003
11450,2018-01-19,104.589996
11451,2018-01-22,105.449997
11452,2018-01-23,105.900002
11453,2018-01-24,105.790001
11454,2018-01-25,106.599998
11455,2018-01-26,108.389999
11456,2018-01-29,109.550003
11457,2018-01-30,107.730003
11458,2018-01-31,106.599998
11459,2018-02-01,105.519997
11460,2018-02-02,104.480003
11461,2018-02-05,100.089996
11462,2018-02-06,100.900002
11463,2018-02-07,102.849998
11464,2018-02-08,100.019997
11465,2018-02-09,99.370003
11466,2018-02-12,99.550003
11467,2018-02-13,100.980003
11468,2018-02-14,101.699997
11469,2018-02-15,103.230003
11470,2018-02-16,104.779999
11471,2018-02-20,94.110001
11472,2018-02-21,91.519997
11473,2018-02-22,92.769997
11474,2018-02-23,92.889999
11475,2018-02-26,93.120003
11476,2018-02-27,91.519997
11477,2018-02-28,90.010002
11478,2018-03-01,89.080002
11479,2018-03-02,88.769997
11480,2018-03-05,89.980003
11481,2018-03-06,89.059998
11482,2018-03-07,87.739998
11483,2018-03-08,87.919998
11484,2018-03-09,88.720001
11485,2018-03-12,88.07
11486,2018-03-13,88.300003
11487,2018-03-14,87.669998
11488,2018-03-15,87.510002
11489,2018-03-16,89.169998
11490,2018-03-19,87.449997
11491,2018-03-20,87.949997
11492,2018-03-21,88.18
11493,2018-03-22,87.139999
11494,2018-03-23,85.419998
11495,2018-03-26,87.5
11496,2018-03-27,86.050003
11497,2018-03-28,87.769997
11498,2018-03-29,88.970001
11499,2018-04-02,85.550003
11500,2018-04-03,86.800003
11501,2018-04-04,87.220001
11502,2018-04-05,87.809998
11503,2018-04-06,86.690002
11504,2018-04-09,86.279999
11505,2018-04-10,86.449997
11506,2018-04-11,85.910004
11507,2018-04-12,85.43
11508,2018-04-13,86.019997
11509,2018-04-16,86.839996
11510,2018-04-17,87.900002
11511,2018-04-18,87.57
11512,2018-04-19,87.889999
11513,2018-04-20,86.980003
11514,2018-04-23,86.099998
11515,2018-04-24,86.529999
11516,2018-04-25,87.169998
11517,2018-04-26,87.940002
11518,2018-04-27,87.290001
11519,2018-04-30,88.459999
11520,2018-05-01,87.410004
11521,2018-05-02,86.339996
11522,2018-05-03,86.230003
11523,2018-05-04,87.529999
11524,2018-05-07,85.470001
11525,2018-05-08,85.739998
11526,2018-05-09,83.059998
11527,2018-05-10,82.690002
11528,2018-05-11,83.379997
11529,2018-05-14,84.389999
11530,2018-05-15,84.519997
11531,2018-05-16,86.129997
11532,2018-05-17,84.489998
11533,2018-05-18,83.639999
11534,2018-05-21,84.510002
11535,2018-05-22,83.370003
11536,2018-05-23,83.010002
11537,2018-05-24,82.849998
11538,2018-05-25,82.459999
11539,2018-05-29,82.400002
11540,2018-05-30,84.120003
11541,2018-05-31,82.540001
11542,2018-06-01,82.989998
11543,2018-06-04,85.419998
11544,2018-06-05,84.620003
11545,2018-06-06,84.559998
11546,2018-06-07,84.949997
11547,2018-06-08,84.360001
11548,2018-06-11,84.300003
11549,2018-06-12,84.099998
11550,2018-06-13,84.089996
11551,2018-06-14,83.790001
11552,2018-06-15,83.699997
11553,2018-06-18,83.0
11554,2018-06-19,83.610001
11555,2018-06-20,83.610001
11556,2018-06-21,84.209999
11557,2018-06-22,84.82
11558,2018-06-25,86.470001
11559,2018-06-26,85.980003
11560,2018-06-27,86.889999
11561,2018-06-28,85.860001
11562,2018-06-29,85.650002
11563,2018-07-02,84.0
11564,2018-07-03,84.440002
11565,2018-07-05,84.57
11566,2018-07-06,84.510002
11567,2018-07-09,85.93
11568,2018-07-10,87.209999
11569,2018-07-11,86.529999
11570,2018-07-12,86.519997
11571,2018-07-13,87.699997
11572,2018-07-16,87.639999
11573,2018-07-17,88.190002
11574,2018-07-18,88.07
11575,2018-07-19,87.720001
11576,2018-07-20,88.059998
11577,2018-07-23,87.629997
11578,2018-07-24,87.959999
11579,2018-07-25,87.900002
11580,2018-07-26,88.230003
11581,2018-07-27,88.129997
11582,2018-07-30,88.879997
11583,2018-07-31,89.230003
11584,2018-08-01,88.239998
11585,2018-08-02,88.760002
11586,2018-08-03,89.599998
11587,2018-08-06,89.669998
11588,2018-08-07,89.769997
11589,2018-08-08,90.050003
11590,2018-08-09,89.010002
11591,2018-08-10,90.18
11592,2018-08-13,89.639999
11593,2018-08-14,90.849998
11594,2018-08-15,90.220001
11595,2018-08-16,98.639999
11596,2018-08-17,97.849998
11597,2018-08-20,96.0
11598,2018-08-21,96.080002
11599,2018-08-22,95.669998
11600,2018-08-23,95.18
11601,2018-08-24,94.949997
11602,2018-08-27,94.540001
11603,2018-08-28,96.07
11604,2018-08-29,95.639999
11605,2018-08-30,96.099998
11606,2018-08-31,95.860001
11607,2018-09-04,95.360001
11608,2018-09-05,96.620003
11609,2018-09-06,96.449997
11610,2018-09-07,95.830002
11611,2018-09-10,96.900002
11612,2018-09-11,96.639999
11613,2018-09-12,95.970001
11614,2018-09-13,95.120003
11615,2018-09-14,94.589996
11616,2018-09-17,94.82
11617,2018-09-18,95.43
11618,2018-09-19,95.239998
11619,2018-09-20,95.75
11620,2018-09-21,95.900002
11621,2018-09-24,94.919998
11622,2018-09-25,95.099998
11623,2018-09-26,94.589996
11624,2018-09-27,94.129997
11625,2018-09-28,93.910004
11626,2018-10-01,94.400002
11627,2018-10-02,95.150002
11628,2018-10-03,94.07
11629,2018-10-04,94.209999
11630,2018-10-05,93.309998
11631,2018-10-08,94.690002
11632,2018-10-09,97.080002
11633,2018-10-10,95.760002
11634,2018-10-11,93.919998
11635,2018-10-12,94.809998
11636,2018-10-15,93.82
11637,2018-10-16,95.809998
11638,2018-10-17,96.559998
11639,2018-10-18,96.169998
11640,2018-10-19,97.150002
11641,2018-10-22,97.139999
11642,2018-10-23,97.800003
11643,2018-10-24,97.559998
11644,2018-10-25,99.18
11645,2018-10-26,98.940002
11646,2018-10-29,99.800003
11647,2018-10-30,102.419998
11648,2018-10-31,100.279999
11649,2018-11-01,100.580002
11650,2018-11-02,101.339996
11651,2018-11-05,102.910004
11652,2018-11-06,103.330002
11653,2018-11-07,104.32
11654,2018-11-08,104.879997
11655,2018-11-09,105.559998
11656,2018-11-12,103.870003
11657,2018-11-13,102.940002
11658,2018-11-14,101.529999
11659,2018-11-15,99.540001
11660,2018-11-16,97.690002
11661,2018-11-19,96.779999
11662,2018-11-20,94.160004
11663,2018-11-21,94.169998
11664,2018-11-23,95.099998
11665,2018-11-26,95.150002
11666,2018-11-27,95.040001
11667,2018-11-28,97.459999
11668,2018-11-29,97.290001
11669,2018-11-30,97.650002
11670,2018-12-03,98.75
11671,2018-12-04,95.809998
11672,2018-12-06,94.769997
11673,2018-12-07,93.190002
11674,2018-12-10,93.940002
11675,2018-12-11,93.849998
11676,2018-12-12,93.110001
11677,2018-12-13,92.959999
11678,2018-12-14,91.849998
11679,2018-12-17,90.769997
11680,2018-12-18,91.080002
11681,2018-12-19,90.550003
11682,2018-12-20,87.279999
11683,2018-12-21,87.129997
11684,2018-12-24,85.82
11685,2018-12-26,90.410004
11686,2018-12-27,91.589996
11687,2018-12-28,92.129997
11688,2018-12-31,93.150002
11689,2019-01-02,93.339996
11690,2019-01-03,92.860001
11691,2019-01-04,93.440002
11692,2019-01-07,94.540001
11693,2019-01-08,95.199997
11694,2019-01-09,94.889999
11695,2019-01-10,94.959999
11696,2019-01-11,94.839996
11697,2019-01-14,94.949997
11698,2019-01-15,96.25
11699,2019-01-16,96.349998
11700,2019-01-17,96.739998
11701,2019-01-18,97.730003
11702,2019-01-22,97.489998
11703,2019-01-23,98.709999
11704,2019-01-24,98.360001
11705,2019-01-25,96.940002
11706,2019-01-28,97.059998
11707,2019-01-29,96.709999
11708,2019-01-30,94.800003
11709,2019-01-31,95.830002
11710,2019-02-01,93.860001
11711,2019-02-04,94.769997
11712,2019-02-05,95.599998
11713,2019-02-06,95.639999
11714,2019-02-07,96.730003
11715,2019-02-08,95.580002
11716,2019-02-11,96.199997
11717,2019-02-12,96.970001
11718,2019-02-13,97.940002
11719,2019-02-14,98.519997
11720,2019-02-15,99.989998
11721,2019-02-19,102.199997
11722,2019-02-20,99.879997
11723,2019-02-21,99.389999
11724,2019-02-22,99.550003
11725,2019-02-25,99.120003
11726,2019-02-26,98.690002
11727,2019-02-27,98.110001
11728,2019-02-28,98.989998
11729,2019-03-01,97.93
11730,2019-03-04,97.849998
11731,2019-03-05,98.339996
11732,2019-03-06,98.260002
11733,2019-03-07,97.449997
11734,2019-03-08,97.589996
11735,2019-03-11,98.480003
11736,2019-03-12,98.370003
11737,2019-03-13,99.029999
11738,2019-03-14,98.220001
11739,2019-03-15,98.419998
11740,2019-03-18,99.660004
11741,2019-03-19,99.849998
11742,2019-03-20,98.639999
11743,2019-03-21,99.059998
11744,2019-03-22,98.279999
11745,2019-03-25,98.169998
11746,2019-03-26,98.32
11747,2019-03-27,97.209999
11748,2019-03-28,97.129997
11749,2019-03-29,97.529999
11750,2019-04-01,97.82
11751,2019-04-02,96.940002
11752,2019-04-03,97.190002
11753,2019-04-04,98.110001
11754,2019-04-05,98.830002
11755,2019-04-08,99.230003
11756,2019-04-09,98.690002
11757,2019-04-10,99.599998
11758,2019-04-11,100.800003
11759,2019-04-12,101.559998
11760,2019-04-15,102.43
11761,2019-04-16,102.93
11762,2019-04-17,103.160004
11763,2019-04-18,103.18
11764,2019-04-22,102.370003
11765,2019-04-23,103.07
11766,2019-04-24,103.529999
11767,2019-04-25,103.519997
11768,2019-04-26,101.529999
11769,2019-04-29,101.559998
11770,2019-04-30,102.839996
11771,2019-05-01,101.360001
11772,2019-05-02,101.150002
11773,2019-05-03,102.080002
11774,2019-05-06,102.459999
11775,2019-05-07,101.300003
11776,2019-05-08,100.300003
11777,2019-05-09,99.540001
11778,2019-05-10,101.910004
11779,2019-05-13,99.889999
11780,2019-05-14,100.290001
11781,2019-05-15,99.879997
11782,2019-05-16,101.309998
11783,2019-05-17,100.860001
11784,2019-05-20,101.519997
11785,2019-05-21,101.120003
11786,2019-05-22,102.230003
11787,2019-05-23,101.860001
11788,2019-05-24,102.669998
11789,2019-05-28,102.419998
11790,2019-05-29,102.120003
11791,2019-05-30,102.190002
11792,2019-05-31,101.440002
11793,2019-06-03,101.959999
11794,2019-06-04,102.559998
11795,2019-06-05,104.419998
11796,2019-06-06,105.110001
11797,2019-06-07,106.059998
11798,2019-06-10,107.519997
11799,2019-06-11,107.940002
11800,2019-06-12,108.82
11801,2019-06-13,108.650002
11802,2019-06-14,109.07
11803,2019-06-17,109.160004
11804,2019-06-18,109.650002
11805,2019-06-19,109.620003
11806,2019-06-20,110.32
11807,2019-06-21,111.129997
11808,2019-06-24,111.239998
11809,2019-06-25,110.720001
11810,2019-06-26,110.160004
11811,2019-06-27,110.099998
11812,2019-06-28,110.489998
11813,2019-07-01,110.620003
11814,2019-07-02,111.599998
11815,2019-07-03,112.32
11816,2019-07-05,111.980003
11817,2019-07-08,112.720001
11818,2019-07-09,112.879997
11819,2019-07-10,112.980003
11820,2019-07-11,113.919998
11821,2019-07-12,114.599998
11822,2019-07-15,114.980003
11823,2019-07-16,114.760002
11824,2019-07-17,114.599998
11825,2019-07-18,114.720001
11826,2019-07-19,113.900002
11827,2019-07-22,112.82
11828,2019-07-23,112.089996
11829,2019-07-24,112.0
11830,2019-07-25,112.220001
11831,2019-07-26,113.019997
11832,2019-07-29,112.269997
11833,2019-07-30,112.059998
11834,2019-07-31,110.379997
11835,2019-08-01,109.379997
11836,2019-08-02,109.400002
11837,2019-08-05,105.82
11838,2019-08-06,107.269997
11839,2019-08-07,108.199997
11840,2019-08-08,108.519997
11841,2019-08-09,107.279999
11842,2019-08-12,105.220001
11843,2019-08-13,107.410004
11844,2019-08-14,106.199997
11845,2019-08-15,112.690002
11846,2019-08-16,112.989998
11847,2019-08-19,113.809998
11848,2019-08-20,112.050003
11849,2019-08-21,112.019997
11850,2019-08-22,111.910004
11851,2019-08-23,110.830002
11852,2019-08-26,111.989998
11853,2019-08-27,112.419998
11854,2019-08-28,112.720001
11855,2019-08-29,114.080002
11856,2019-08-30,114.260002
11857,2019-09-03,114.639999
11858,2019-09-04,115.910004
11859,2019-09-05,115.440002
11860,2019-09-06,114.730003
11861,2019-09-09,116.330002
11862,2019-09-10,116.050003
11863,2019-09-11,116.019997
11864,2019-09-12,116.919998
11865,2019-09-13,117.43
11866,2019-09-16,115.57
11867,2019-09-17,116.510002
11868,2019-09-18,117.160004
11869,2019-09-19,117.110001
11870,2019-09-20,116.980003
11871,2019-09-23,117.620003
11872,2019-09-24,118.400002
11873,2019-09-25,118.470001
11874,2019-09-26,118.300003
11875,2019-09-27,118.449997
11876,2019-09-30,118.68
11877,2019-10-01,117.849998
11878,2019-10-02,116.120003
11879,2019-10-03,116.309998
11880,2019-10-04,118.160004
11881,2019-10-07,117.230003
11882,2019-10-08,117.580002
11883,2019-10-09,118.93
11884,2019-10-10,119.610001
11885,2019-10-11,120.239998
11886,2019-10-14,119.169998
11887,2019-10-15,119.529999
11888,2019-10-16,119.419998
11889,2019-10-17,119.839996
11890,2019-10-18,119.139999
11891,2019-10-21,119.739998
11892,2019-10-22,119.580002
11893,2019-10-23,119.349998
11894,2019-10-24,119.099998
11895,2019-10-25,119.040001
11896,2019-10-28,119.220001
11897,2019-10-29,117.150002
11898,2019-10-30,118.099998
11899,2019-10-31,117.260002
11900,2019-11-01,117.620003
11901,2019-11-04,117.57
11902,2019-11-05,118.860001
11903,2019-11-06,119.5
11904,2019-11-07,120.230003
11905,2019-11-08,119.440002
11906,2019-11-11,119.040001
11907,2019-11-12,119.120003
11908,2019-11-13,120.980003
11909,2019-11-14,120.650002
11910,2019-11-15,118.870003
11911,2019-11-18,120.25
11912,2019-11-19,119.889999
11913,2019-11-20,119.129997
11914,2019-11-21,119.860001
11915,2019-11-22,119.360001
11916,2019-11-25,118.919998
11917,2019-11-26,119.190002
11918,2019-11-27,118.760002
11919,2019-11-29,119.089996
11920,2019-12-02,119.279999
11921,2019-12-03,118.669998
11922,2019-12-04,118.690002
11923,2019-12-05,118.660004
11924,2019-12-06,119.779999
11925,2019-12-09,119.360001
11926,2019-12-10,119.139999
11927,2019-12-11,119.0
11928,2019-12-12,119.760002
11929,2019-12-13,120.290001
11930,2019-12-16,120.540001
11931,2019-12-17,121.279999
11932,2019-12-18,119.860001
11933,2019-12-19,120.080002
11934,2019-12-20,120.290001
11935,2019-12-23,119.029999
11936,2019-12-24,119.510002
11937,2019-12-26,119.519997
11938,2019-12-27,119.589996
11939,2019-12-30,119.400002
11940,2019-12-31,118.839996
11941,2020-01-02,118.940002
11942,2020-01-03,117.889999
11943,2020-01-06,117.650002
11944,2020-01-07,116.559998
11945,2020-01-08,116.160004
11946,2020-01-09,117.360001
11947,2020-01-10,116.379997
11948,2020-01-13,115.879997
11949,2020-01-14,116.18
11950,2020-01-15,115.279999
11951,2020-01-16,115.900002
11952,2020-01-17,114.959999
11953,2020-01-21,115.589996
11954,2020-01-22,116.099998
11955,2020-01-23,115.809998
11956,2020-01-24,114.370003
11957,2020-01-27,115.860001
11958,2020-01-28,116.599998
11959,2020-01-29,115.889999
11960,2020-01-30,116.580002
11961,2020-01-31,114.489998
11962,2020-02-03,114.269997
11963,2020-02-04,115.269997
11964,2020-02-05,116.809998
11965,2020-02-06,116.309998
11966,2020-02-07,116.449997
11967,2020-02-10,115.25
11968,2020-02-11,115.400002
11969,2020-02-12,115.849998
11970,2020-02-13,117.440002
11971,2020-02-14,117.889999
11972,2020-02-18,119.629997
11973,2020-02-19,117.68
11974,2020-02-20,117.690002
11975,2020-02-21,118.580002
11976,2020-02-24,116.32
11977,2020-02-25,114.389999
11978,2020-02-26,113.779999
11979,2020-02-27,110.400002
11980,2020-02-28,107.68
11981,2020-03-02,115.879997
11982,2020-03-03,112.910004
11983,2020-03-04,116.769997
11984,2020-03-05,115.919998
11985,2020-03-06,117.230003
11986,2020-03-09,117.160004
11987,2020-03-10,119.790001
11988,2020-03-11,114.43
11989,2020-03-12,104.050003
11990,2020-03-13,114.099998
11991,2020-03-16,106.760002
11992,2020-03-17,119.260002
11993,2020-03-18,122.580002
11994,2020-03-19,119.449997
11995,2020-03-20,113.970001
11996,2020-03-23,114.279999
11997,2020-03-24,115.029999
11998,2020-03-25,109.400002
11999,2020-03-26,109.82
12000,2020-03-27,109.580002
12001,2020-03-30,115.190002
12002,2020-03-31,113.620003
12003,2020-04-01,114.139999
12004,2020-04-02,118.650002
12005,2020-04-03,119.480003
12006,2020-04-06,126.07
12007,2020-04-07,121.989998
12008,2020-04-08,121.839996
12009,2020-04-09,121.800003
12010,2020-04-13,125.300003
12011,2020-04-14,129.0
12012,2020-04-15,128.759995
12013,2020-04-16,132.330002
12014,2020-04-17,132.119995
12015,2020-04-20,129.850006
12016,2020-04-21,129.210007
12017,2020-04-22,131.589996
12018,2020-04-23,128.529999
12019,2020-04-24,129.440002
12020,2020-04-27,128.300003
12021,2020-04-28,128.0
12022,2020-04-29,123.599998
12023,2020-04-30,121.550003
12024,2020-05-01,122.919998
12025,2020-05-04,123.699997
12026,2020-05-05,124.730003
12027,2020-05-06,123.300003
12028,2020-05-07,121.889999
12029,2020-05-08,122.940002
12030,2020-05-11,123.669998
12031,2020-05-12,123.779999
12032,2020-05-13,123.709999
12033,2020-05-14,123.419998
12034,2020-05-15,125.940002
12035,2020-05-18,127.660004
12036,2020-05-19,124.949997
12037,2020-05-20,125.449997
12038,2020-05-21,124.989998
12039,2020-05-22,124.330002
12040,2020-05-26,123.860001
12041,2020-05-27,122.480003
12042,2020-05-28,123.690002
12043,2020-05-29,124.059998
12044,2020-06-01,123.959999
12045,2020-06-02,123.940002
12046,2020-06-03,123.470001
12047,2020-06-04,122.110001
12048,2020-06-05,121.559998
12049,2020-06-08,121.239998
12050,2020-06-09,121.349998
12051,2020-06-10,121.160004
12052,2020-06-11,120.089996
12053,2020-06-12,117.739998
12054,2020-06-15,118.080002
12055,2020-06-16,119.650002
12056,2020-06-17,119.029999
12057,2020-06-18,117.989998
12058,2020-06-19,119.849998
12059,2020-06-22,121.68
12060,2020-06-23,121.07
12061,2020-06-24,120.300003
12062,2020-06-25,119.709999
12063,2020-06-26,118.32
12064,2020-06-29,119.059998
12065,2020-06-30,119.779999
12066,2020-07-01,119.690002
12067,2020-07-02,119.209999
12068,2020-07-06,118.889999
12069,2020-07-07,126.949997
12070,2020-07-08,124.440002
12071,2020-07-09,127.75
12072,2020-07-10,130.679993
12073,2020-07-13,129.520004
12074,2020-07-14,132.009995
12075,2020-07-15,132.0
12076,2020-07-16,132.199997
12077,2020-07-17,131.740005
12078,2020-07-20,131.470001
12079,2020-07-21,132.330002
12080,2020-07-22,132.660004
12081,2020-07-23,131.639999
12082,2020-07-24,131.240005
12083,2020-07-27,131.210007
12084,2020-07-28,131.759995
12085,2020-07-29,130.690002
12086,2020-07-30,130.119995
12087,2020-07-31,129.399994
12088,2020-08-03,129.300003
12089,2020-08-04,131.639999
12090,2020-08-05,129.809998
12091,2020-08-06,129.350006
12092,2020-08-07,129.970001
12093,2020-08-10,131.880005
12094,2020-08-11,130.199997
12095,2020-08-12,131.889999
12096,2020-08-13,131.850006
12097,2020-08-14,132.600006
12098,2020-08-17,135.600006
12099,2020-08-18,134.710007
12100,2020-08-19,132.410004
12101,2020-08-20,130.570007
12102,2020-08-21,131.630005
12103,2020-08-24,131.330002
12104,2020-08-25,130.630005
12105,2020-08-26,130.699997
12106,2020-08-27,136.630005
12107,2020-08-28,140.300003
12108,2020-08-31,138.850006
12109,2020-09-01,147.589996
12110,2020-09-02,147.679993
12111,2020-09-03,144.539993
12112,2020-09-04,142.830002
12113,2020-09-08,138.449997
12114,2020-09-09,139.889999
12115,2020-09-10,136.809998
12116,2020-09-11,136.699997
12117,2020-09-14,137.320007
12118,2020-09-15,137.360001
12119,2020-09-16,136.259995
12120,2020-09-17,136.690002
12121,2020-09-18,135.289993
12122,2020-09-21,137.070007
12123,2020-09-22,138.309998
12124,2020-09-23,135.990005
12125,2020-09-24,136.699997
12126,2020-09-25,137.270004
12127,2020-09-28,137.25
12128,2020-09-29,137.139999
12129,2020-09-30,139.910004
12130,2020-10-01,143.080002
12131,2020-10-02,140.5
12132,2020-10-05,141.800003
12133,2020-10-06,140.630005
12134,2020-10-07,140.889999
12135,2020-10-08,141.360001
12136,2020-10-09,142.779999
12137,2020-10-12,144.25
12138,2020-10-13,146.229996
12139,2020-10-14,143.940002
12140,2020-10-15,144.529999
12141,2020-10-16,144.710007
12142,2020-10-19,142.949997
12143,2020-10-20,143.899994
12144,2020-10-21,144.399994
12145,2020-10-22,143.550003
12146,2020-10-23,143.850006
12147,2020-10-26,142.160004
12148,2020-10-27,142.869995
12149,2020-10-28,140.039993
12150,2020-10-29,139.919998
12151,2020-10-30,138.75
12152,2020-11-02,140.399994
12153,2020-11-03,142.779999
12154,2020-11-04,141.960007
12155,2020-11-05,143.470001
12156,2020-11-06,145.770004
12157,2020-11-09,143.539993
12158,2020-11-10,145.559998
12159,2020-11-11,147.979996
12160,2020-11-12,148.229996
12161,2020-11-13,150.539993
12162,2020-11-16,152.440002
12163,2020-11-17,149.369995
12164,2020-11-18,149.089996
12165,2020-11-19,152.119995
12166,2020-11-20,150.240005
12167,2020-11-23,150.929993
12168,2020-11-24,151.360001
12169,2020-11-25,151.830002
12170,2020-11-27,151.600006
12171,2020-11-30,152.789993
12172,2020-12-01,152.639999
12173,2020-12-02,150.520004
12174,2020-12-03,149.300003
12175,2020-12-04,148.910004
12176,2020-12-07,148.110001
12177,2020-12-08,149.449997
12178,2020-12-09,148.270004
12179,2020-12-10,147.039993
12180,2020-12-11,147.0
12181,2020-12-14,145.649994
12182,2020-12-15,145.580002
12183,2020-12-16,145.429993
12184,2020-12-17,146.100006
12185,2020-12-18,145.949997
12186,2020-12-21,145.970001
12187,2020-12-22,144.199997
12188,2020-12-23,143.220001
12189,2020-12-24,143.5
12190,2020-12-28,145.220001
12191,2020-12-29,144.300003
12192,2020-12-30,144.179993
12193,2020-12-31,144.149994
12194,2021-01-04,146.529999
12195,2021-01-05,145.75
12196,2021-01-06,146.660004
12197,2021-01-07,146.649994
12198,2021-01-08,146.630005
12199,2021-01-11,147.289993
12200,2021-01-12,148.970001
12201,2021-01-13,147.449997
12202,2021-01-14,146.970001
12203,2021-01-15,144.639999
12204,2021-01-19,143.389999
12205,2021-01-20,145.509995
12206,2021-01-21,144.850006
12207,2021-01-22,146.330002
12208,2021-01-25,146.199997
12209,2021-01-26,147.509995
12210,2021-01-27,143.839996
12211,2021-01-28,143.75
12212,2021-01-29,140.490005
12213,2021-02-01,139.270004
12214,2021-02-02,140.770004
12215,2021-02-03,141.199997
12216,2021-02-04,142.529999
12217,2021-02-05,144.360001
12218,2021-02-08,145.029999
12219,2021-02-09,145.830002
12220,2021-02-10,144.130005
12221,2021-02-11,144.020004
12222,2021-02-12,144.470001
12223,2021-02-16,145.660004
12224,2021-02-17,147.199997
12225,2021-02-18,137.660004
12226,2021-02-19,138.339996
12227,2021-02-22,137.690002
12228,2021-02-23,135.470001
12229,2021-02-24,133.210007
12230,2021-02-25,131.949997
12231,2021-02-26,129.919998
12232,2021-03-01,131.369995
12233,2021-03-02,130.110001
12234,2021-03-03,127.589996
12235,2021-03-04,127.529999
12236,2021-03-05,129.119995
12237,2021-03-08,127.879997
12238,2021-03-09,128.889999
12239,2021-03-10,132.179993
12240,2021-03-11,132.130005
12241,2021-03-12,134.119995
